NoiseFamily,Severity,x,y
Additive,1.5,0.8698903322219849,0.6525229215621948
Additive,1.5,0.954025387763977,0.904560387134552
Additive,1.5,1.305307388305664,1.1547174453735352
Additive,1.5,1.767827033996582,2.0961222648620605
Additive,1.5,2.0383553504943848,2.0895206928253174
Additive,1.5,-0.3796635568141937,-0.7620405554771423
Additive,1.5,-0.37718650698661804,-0.36694902181625366
Additive,1.5,-0.2420303076505661,-0.5295453667640686
Additive,1.5,-1.1220206022262573,-1.1426278352737427
Additive,1.5,0.5253661274909973,0.061954058706760406
Additive,1.5,-0.7825814485549927,-0.8484837412834167
Additive,1.5,-1.911258578300476,-1.8990386724472046
Additive,1.5,-0.08410320430994034,-0.09599264711141586
Additive,1.5,-2.054628849029541,-1.9598195552825928
Additive,1.5,-1.1234952211380005,-0.9035382270812988
Additive,1.5,0.43272119760513306,-0.9534899592399597
Additive,1.5,2.345925807952881,2.514586925506592
Additive,1.5,-0.9354124069213867,-1.4526057243347168
Additive,1.5,0.00046793758519925177,0.21250185370445251
Additive,1.5,-0.9127164483070374,-1.43201744556427
Additive,1.5,-2.0906636714935303,-1.8077787160873413
Additive,1.5,-0.47315049171447754,-0.6264165639877319
Additive,1.5,0.16403670608997345,-0.7374269962310791
Additive,1.5,0.03515477851033211,-0.4871789515018463
Additive,1.5,-1.5858756303787231,-1.3969179391860962
Additive,1.5,-1.2472468614578247,-1.4279433488845825
Additive,1.5,0.5619423985481262,0.6981589794158936
Additive,1.5,-0.09215545654296875,-0.13257120549678802
Additive,1.5,-0.6028186678886414,-0.6188529133796692
Additive,1.5,1.181418776512146,1.567175030708313
Additive,1.5,-2.1170995235443115,-1.7553198337554932
Additive,1.5,-0.41723230481147766,-0.6803179383277893
Additive,1.5,-1.8127837181091309,-2.017939567565918
Additive,1.5,0.9094512462615967,0.5403382182121277
Additive,1.5,1.0446717739105225,0.5657953023910522
Additive,1.5,-1.7169030904769897,-2.978722095489502
Additive,1.5,1.3083139657974243,1.3889636993408203
Additive,1.5,-2.0289387702941895,-2.415487051010132
Additive,1.5,1.6502190828323364,1.8669480085372925
Additive,1.5,-1.1812094449996948,-1.3788647651672363
Additive,1.5,-1.3373310565948486,-0.7705904245376587
Additive,1.5,-1.7232235670089722,-1.3798871040344238
Additive,1.5,-0.47799769043922424,-0.7740676999092102
Additive,1.5,-0.5710839033126831,-0.7510624527931213
Additive,1.5,-0.7183050513267517,-0.21395456790924072
Additive,1.5,2.011631965637207,1.7114349603652954
Additive,1.5,-1.7491753101348877,-1.8114572763442993
Additive,1.5,2.1024067401885986,2.670238971710205
Additive,1.5,-1.3191875219345093,-1.7394115924835205
Additive,1.5,1.8070064783096313,1.607961654663086
Additive,1.5,0.41123196482658386,0.48213034868240356
Additive,1.5,-0.6885709762573242,-0.825143039226532
Additive,1.5,-1.6037912368774414,-1.7196060419082642
Additive,1.5,0.7793905138969421,1.7825998067855835
Additive,1.5,-1.2209168672561646,-1.3048467636108398
Additive,1.5,-0.5986096858978271,-0.5368050336837769
Additive,1.5,2.4488308429718018,4.47247838973999
Additive,1.5,-2.1090433597564697,-2.957223653793335
Additive,1.5,0.6504960060119629,0.4073850214481354
Additive,1.5,-0.9551960229873657,-1.1641490459442139
Additive,1.5,0.44542235136032104,0.20755858719348907
Additive,1.5,-2.388594627380371,-2.171027421951294
Additive,1.5,-1.709333062171936,-1.491897463798523
Additive,1.5,-2.293914318084717,-2.406820058822632
Additive,1.5,-1.5673896074295044,-1.6352357864379883
Additive,1.5,-2.2954061031341553,-2.088512420654297
Additive,1.5,2.4020063877105713,2.9875259399414062
Additive,1.5,0.9549957513809204,1.2983620166778564
Additive,1.5,0.10657819360494614,-0.8065623044967651
Additive,1.5,-1.938669204711914,-1.9906498193740845
Additive,1.5,-2.4481406211853027,-2.5941309928894043
Additive,1.5,-0.2717759311199188,-0.538358747959137
Additive,1.5,-1.69321870803833,1.1893939971923828
Additive,1.5,1.157671570777893,1.2880494594573975
Additive,1.5,-1.1432868242263794,-0.8285878300666809
Additive,1.5,-0.047291114926338196,0.13047417998313904
Additive,1.5,-2.04207706451416,-2.736208200454712
Additive,1.5,1.6137783527374268,1.5793696641921997
Additive,1.5,-1.9794156551361084,-1.6152496337890625
Additive,1.5,-2.479771137237549,-2.6155107021331787
Additive,1.5,1.6809818744659424,1.002751350402832
Additive,1.5,0.5204927921295166,-0.42953911423683167
Additive,1.5,2.3525798320770264,3.041788101196289
Additive,1.5,0.07057363539934158,-0.19358323514461517
Additive,1.5,-1.0262975692749023,-0.9069854021072388
Additive,1.5,-1.1919595003128052,-1.2656461000442505
Additive,1.5,-1.2128363847732544,-1.00894296169281
Additive,1.5,2.4346425533294678,2.7714710235595703
Additive,1.5,-0.1332268863916397,0.6263045072555542
Additive,1.5,0.14608578383922577,-0.08839859813451767
Additive,1.5,-1.1001827716827393,-0.996654212474823
Additive,1.5,1.202834129333496,0.7628499269485474
Additive,1.5,0.9634222984313965,1.1277782917022705
Additive,1.5,-0.9431029558181763,-0.4360503852367401
Additive,1.5,-2.3364458084106445,-3.0746822357177734
Additive,1.5,1.6790096759796143,1.3892929553985596
Additive,1.5,0.7914382815361023,0.8617419600486755
Additive,1.5,1.881894826889038,2.883763313293457
Additive,1.5,0.27031928300857544,-0.0658537894487381
Additive,1.5,-0.713127076625824,-0.6913655996322632
Additive,1.5,-0.906982421875,-0.604385256767273
Additive,1.5,-1.3059576749801636,-1.1946088075637817
Additive,1.5,-0.8425608277320862,0.9947417974472046
Additive,1.5,0.24058878421783447,0.14976181089878082
Additive,1.5,0.8118001222610474,1.2255187034606934
Additive,1.5,1.3291518688201904,1.9661272764205933
Additive,1.5,-0.1800253540277481,-0.4263157546520233
Additive,1.5,1.750291347503662,1.9180848598480225
Additive,1.5,0.33278143405914307,0.054437726736068726
Additive,1.5,1.0436317920684814,1.883898377418518
Additive,1.5,1.8887799978256226,1.400740623474121
Additive,1.5,1.6450878381729126,1.015315294265747
Additive,1.5,-2.0191526412963867,-1.811873435974121
Additive,1.5,-0.5049642324447632,-0.3604733645915985
Additive,1.5,0.6922067403793335,1.5888862609863281
Additive,1.5,-1.245771050453186,-1.131900668144226
Additive,1.5,0.47785869240760803,0.9429683685302734
Additive,1.5,2.054647922515869,2.0997631549835205
Additive,1.5,-0.6484232544898987,-0.5910141468048096
Additive,1.5,-0.4775235950946808,-0.6699614524841309
Additive,1.5,-1.2516496181488037,-1.4804950952529907
Additive,1.5,-2.0172955989837646,-2.4324960708618164
Additive,1.5,2.3181002140045166,2.151080369949341
Additive,1.5,-1.6611543893814087,-2.0994958877563477
Additive,1.5,-2.053051233291626,-2.6570117473602295
Additive,1.5,2.3212151527404785,2.2908897399902344
Additive,1.5,0.08881206810474396,-0.43110623955726624
Additive,1.5,-1.1934762001037598,-0.955292284488678
Additive,1.5,1.7999041080474854,1.8942179679870605
Additive,1.5,-0.960991621017456,-1.600295066833496
Additive,1.5,-1.0107604265213013,-0.8279546499252319
Additive,1.5,-1.3608146905899048,-1.6772266626358032
Additive,1.5,-1.7424479722976685,-1.8153936862945557
Additive,1.5,-0.1639001965522766,0.15734203159809113
Additive,1.5,0.5882565379142761,0.681999146938324
Additive,1.5,-1.486732840538025,-0.6619236469268799
Additive,1.5,0.8185943961143494,1.219841718673706
Additive,1.5,0.592910647392273,0.9133700132369995
Additive,1.5,-2.0770139694213867,-1.3635159730911255
Additive,1.5,2.35461163520813,2.475367307662964
Additive,1.5,1.8205541372299194,1.6663753986358643
Additive,1.5,-2.221088171005249,-1.5984193086624146
Additive,1.5,-2.1558804512023926,-1.3135288953781128
Additive,1.5,0.7836952209472656,0.5488215684890747
Additive,1.5,0.34917423129081726,0.37738874554634094
Additive,1.5,-0.5399564504623413,-0.879727303981781
Additive,1.5,1.3455777168273926,0.5563606023788452
Additive,1.5,-0.054226215928792953,-0.1706552356481552
Additive,1.5,-0.13897013664245605,-0.18556740880012512
Additive,1.5,-0.9209800362586975,-0.8910982608795166
Additive,1.5,2.1065359115600586,2.300436019897461
Additive,1.5,-1.6297821998596191,-1.449582815170288
Additive,1.5,0.9790636897087097,1.1772738695144653
Additive,1.5,-1.7595239877700806,-1.9111772775650024
Additive,1.5,0.9619206190109253,1.2788950204849243
Additive,1.5,1.3296082019805908,1.1412650346755981
Additive,1.5,0.009064552374184132,0.3673696219921112
Additive,1.5,1.6961439847946167,1.536426067352295
Additive,1.5,-2.411942958831787,-2.3207476139068604
Additive,1.5,-1.9199246168136597,-1.7698450088500977
Additive,1.5,1.2521401643753052,1.3091583251953125
Additive,1.5,-1.4691318273544312,-1.6424368619918823
Additive,1.5,2.2110164165496826,2.421726942062378
Additive,1.5,-1.0366268157958984,-0.8478964567184448
Additive,1.5,-0.25913187861442566,-0.33817723393440247
Additive,1.5,1.3709555864334106,1.016878366470337
Additive,1.5,1.9775620698928833,1.8991055488586426
Additive,1.5,-1.9868230819702148,-1.8327627182006836
Additive,1.5,2.0295231342315674,1.6701005697250366
Additive,1.5,-0.384101003408432,-0.5775631666183472
Additive,1.5,2.4843270778656006,2.5937492847442627
Additive,1.5,1.0261521339416504,0.7394364476203918
Additive,1.5,2.3248164653778076,2.3010528087615967
Additive,1.5,0.21429796516895294,0.07698629796504974
Additive,1.5,-0.8955398201942444,-0.863354504108429
Additive,1.5,-0.6504573822021484,-0.45905813574790955
Additive,1.5,1.8951424360275269,2.09033203125
Additive,1.5,0.5679061412811279,0.7406409382820129
Additive,1.5,0.8627417087554932,1.0172945261001587
Additive,1.5,-1.1935116052627563,-1.0926055908203125
Additive,1.5,1.6432589292526245,1.0561918020248413
Additive,1.5,-1.853985071182251,-2.044964075088501
Additive,1.5,2.2622830867767334,2.7613930702209473
Additive,1.5,0.9037135243415833,0.9390985369682312
Additive,1.5,1.3419972658157349,1.329372763633728
Additive,1.5,-0.3396042287349701,-0.043529581278562546
Additive,1.5,0.41323286294937134,0.25263354182243347
Additive,1.5,-0.875298261642456,-1.3596709966659546
Additive,1.5,-0.8496063351631165,-0.2834731340408325
Additive,1.5,0.46689367294311523,0.28488531708717346
Additive,1.5,0.6730524301528931,0.6444107294082642
Additive,1.5,-2.4114787578582764,-2.551285982131958
Additive,1.5,-1.5863583087921143,-1.4474040269851685
Additive,1.5,-1.909271240234375,-2.0572850704193115
Additive,1.5,1.7919621467590332,2.023871421813965
Additive,1.5,1.7866253852844238,1.8768075704574585
Additive,1.5,-0.41745415329933167,-0.4753417372703552
Additive,1.5,1.6767429113388062,2.2512428760528564
Additive,1.5,-1.2690898180007935,-1.5465223789215088
Additive,1.5,2.198247194290161,2.1407482624053955
Additive,1.5,2.2110533714294434,2.1611857414245605
Additive,1.5,1.6781126260757446,2.2105817794799805
Additive,1.5,-2.371340036392212,-1.8067502975463867
Additive,1.5,2.312652111053467,2.3216288089752197
Additive,1.5,-0.10344571620225906,-0.1441638022661209
Additive,1.5,-0.7096970677375793,-0.5952826142311096
Additive,1.5,1.8023207187652588,1.6740374565124512
Additive,1.5,2.081536054611206,2.187626361846924
Additive,1.5,0.654458224773407,1.0501227378845215
Additive,1.5,-0.7570422291755676,-2.25970721244812
Additive,1.5,-2.1217520236968994,-1.9793366193771362
Additive,1.5,-0.44703468680381775,-0.696438729763031
Additive,1.5,1.920060396194458,2.414247512817383
Additive,1.5,1.1574184894561768,1.068973422050476
Additive,1.5,-0.11179973930120468,0.21325141191482544
Additive,1.5,0.13186460733413696,-0.35107287764549255
Additive,1.5,-1.9188640117645264,-1.8483110666275024
Additive,1.5,-0.748193085193634,-1.4138845205307007
Additive,1.5,2.1917319297790527,2.304661273956299
Additive,1.5,0.07057434320449829,-1.0752027034759521
Additive,1.5,0.272259920835495,0.5170563459396362
Additive,1.5,1.288869023323059,1.629094123840332
Additive,1.5,2.3179237842559814,3.537863254547119
Additive,1.5,-1.0153981447219849,-1.0221723318099976
Additive,1.5,1.998020052909851,2.1719844341278076
Additive,1.5,-0.12968029081821442,0.7943100929260254
Additive,1.5,1.075119137763977,0.5680832862854004
Additive,1.5,1.9435062408447266,1.4542609453201294
Additive,1.5,1.1848896741867065,0.9436169862747192
Additive,1.5,1.26425302028656,1.480195164680481
Additive,1.5,1.2533435821533203,1.5892893075942993
Additive,1.5,0.26250752806663513,0.24025726318359375
Additive,1.5,2.0751218795776367,2.146904706954956
Additive,1.5,-0.4502706229686737,0.14337970316410065
Additive,1.5,-1.9737341403961182,-2.0759103298187256
Additive,1.5,-1.5550873279571533,-1.512999176979065
Additive,1.5,-1.2150063514709473,-1.6816397905349731
Additive,1.5,2.411823034286499,2.3723812103271484
Additive,1.5,-0.9738265872001648,-0.9056782126426697
Additive,1.5,0.7561584115028381,0.19415386021137238
Additive,1.5,-2.138245105743408,-2.6907660961151123
Additive,1.5,1.8248697519302368,1.9762517213821411
Additive,1.5,1.7427875995635986,1.7375452518463135
Additive,1.5,1.5324739217758179,1.393854022026062
Additive,1.5,2.3913156986236572,2.225250720977783
Additive,1.5,1.896785020828247,1.6069247722625732
Additive,1.5,-2.4240598678588867,-3.058351993560791
Additive,1.5,-0.8444042801856995,-1.526113748550415
Additive,1.5,-0.1037614643573761,-0.35645413398742676
Additive,1.5,1.5103862285614014,1.5714787244796753
Additive,1.5,0.673583984375,1.400078535079956
Additive,1.5,-2.135010242462158,-2.1507279872894287
Additive,1.5,-2.4510693550109863,-2.597478151321411
Additive,1.5,2.029451847076416,1.6459274291992188
Additive,1.5,2.0018296241760254,1.617917537689209
Additive,1.5,-1.6302398443222046,-1.8169958591461182
Additive,1.5,2.349036931991577,2.7141482830047607
Additive,1.5,0.9332179427146912,0.8874971866607666
Additive,1.5,1.494202971458435,1.3896260261535645
Additive,1.5,-2.236262798309326,-2.6071243286132812
Additive,1.5,0.31768798828125,0.1738404482603073
Additive,1.5,-1.7589277029037476,-1.986421823501587
Additive,1.5,2.0791738033294678,2.354318380355835
Additive,1.5,-0.4626334309577942,-0.5561264753341675
Additive,1.5,-1.391176462173462,-1.8346697092056274
Additive,1.5,-2.112855911254883,-2.533461570739746
Additive,1.5,-1.028083324432373,-0.8876845240592957
Additive,1.5,1.2836991548538208,1.3743935823440552
Additive,1.5,1.2780566215515137,2.021136999130249
Additive,1.5,-1.061760663986206,-0.5308203101158142
Additive,1.5,-0.08939622342586517,0.04933628812432289
Additive,1.5,-2.052145481109619,-1.7331513166427612
Additive,1.5,0.09669773280620575,1.085951328277588
Additive,1.5,0.9149712920188904,1.056595802307129
Additive,1.5,1.283082365989685,1.1534156799316406
Additive,1.5,-1.0945184230804443,-0.9941723942756653
Additive,1.5,0.9901167750358582,0.8635085821151733
Additive,1.5,-1.5230711698532104,-1.085839033126831
Additive,1.5,-2.2196545600891113,-3.319417953491211
Additive,1.5,-1.1575874090194702,-1.4218273162841797
Additive,1.5,-0.8356332182884216,0.8548895120620728
Additive,1.5,-2.1206586360931396,-1.9617518186569214
Additive,1.5,1.929958701133728,2.4817540645599365
Additive,1.5,0.20497825741767883,0.6998474597930908
Additive,1.5,-2.434053897857666,-2.4914133548736572
Additive,1.5,1.826609492301941,1.3730672597885132
Additive,1.5,-0.697674036026001,-1.1447423696517944
Additive,1.5,1.278257131576538,1.3517143726348877
Additive,1.5,0.03408768028020859,0.12232945114374161
Additive,1.5,-1.824133038520813,-2.7050187587738037
Additive,1.5,-0.8186387419700623,-0.36502549052238464
Additive,1.5,-1.065748929977417,-1.48243248462677
Additive,1.5,0.06422319263219833,-0.346459299325943
Additive,1.5,-1.5695306062698364,-1.5707286596298218
Additive,1.5,0.8422757983207703,0.7266603112220764
Additive,1.5,-1.2481322288513184,-0.9405472278594971
Additive,1.5,0.5911206007003784,0.33697524666786194
Additive,1.5,1.9765716791152954,1.9814139604568481
Additive,1.5,-1.7398393154144287,-1.719506025314331
Additive,1.5,0.38837748765945435,0.5859103798866272
Additive,1.5,-0.7405177354812622,-0.43875983357429504
Additive,1.5,-1.3811395168304443,-1.2358996868133545
Additive,1.5,0.9368769526481628,0.8188825845718384
Additive,1.5,-2.024733543395996,-2.2711398601531982
Additive,1.5,-1.335890531539917,-1.0002371072769165
Additive,1.5,-1.5038459300994873,-2.16148042678833
Additive,1.5,-2.18221378326416,-2.0300586223602295
Additive,1.5,0.019041668623685837,0.34943172335624695
Additive,1.5,1.605284333229065,1.3229702711105347
Additive,1.5,0.31767022609710693,0.22041529417037964
Additive,1.5,1.3549683094024658,1.1638950109481812
Additive,1.5,1.1672990322113037,1.085955023765564
Additive,1.5,-0.27994659543037415,-0.6927520632743835
Additive,1.5,0.8003475069999695,0.3862020671367645
Additive,1.5,-2.11183500289917,-2.214611530303955
Additive,1.5,-0.845914900302887,-0.9124043583869934
Additive,1.5,-1.5422765016555786,-1.9573242664337158
Additive,1.5,1.243733525276184,1.795079231262207
Additive,1.5,-0.8640875816345215,-1.011144757270813
Additive,1.5,1.835389494895935,1.7893662452697754
Additive,1.5,-1.6394834518432617,-1.1278008222579956
Additive,1.5,-0.39749667048454285,-0.23665586113929749
Additive,1.5,-2.1421031951904297,-2.323530435562134
Additive,1.5,1.1417597532272339,1.050042986869812
Additive,1.5,-0.36316484212875366,-0.6204981207847595
Additive,1.5,-2.0165700912475586,-2.057718515396118
Additive,1.5,2.40324068069458,2.0430850982666016
Additive,1.5,-0.015931613743305206,-0.08304048329591751
Additive,1.5,1.6921213865280151,0.8581103086471558
Additive,1.5,-2.291918992996216,-2.159583330154419
Additive,1.5,-0.34109047055244446,-0.3726048767566681
Additive,1.5,-2.4098868370056152,-3.2480709552764893
Additive,1.5,-1.3431425094604492,-1.3957440853118896
Additive,1.5,-1.6246939897537231,-1.6224706172943115
Additive,1.5,-1.8591206073760986,-1.7055391073226929
Additive,1.5,-0.958829402923584,-0.1927519589662552
Additive,1.5,1.9700934886932373,1.2439671754837036
Additive,1.5,-0.430595338344574,-0.4022839367389679
Additive,1.5,-1.7414401769638062,-2.0053131580352783
Additive,1.5,2.2255852222442627,1.3692395687103271
Additive,1.5,0.5324195027351379,0.1910955309867859
Additive,1.5,0.6061091423034668,0.2975458800792694
Additive,1.5,-0.3299725353717804,-0.3490009307861328
Additive,1.5,1.4049574136734009,1.4882423877716064
Additive,1.5,1.666534423828125,2.1389143466949463
Additive,1.5,2.4965686798095703,2.256011486053467
Additive,1.5,-1.8300995826721191,-2.0949625968933105
Additive,1.5,1.603865385055542,1.2592803239822388
Additive,1.5,-0.7574484348297119,-0.8493171334266663
Additive,1.5,1.2866289615631104,1.8150200843811035
Additive,1.5,-1.9819769859313965,-2.5782785415649414
Additive,1.5,-1.7002238035202026,-1.9979724884033203
Additive,1.5,0.1745956838130951,-0.05661818012595177
Additive,1.5,-0.23992422223091125,-0.20472317934036255
Additive,1.5,2.069105625152588,1.382880449295044
Additive,1.5,2.25350022315979,1.9740010499954224
Additive,1.5,0.4337769150733948,0.6557239890098572
Additive,1.5,0.49838384985923767,0.7320071458816528
Additive,1.5,-1.021933913230896,-1.0586873292922974
Additive,1.5,-2.0746309757232666,-1.691220760345459
Additive,1.5,-0.06999053061008453,-0.2788083851337433
Additive,1.5,-1.2280460596084595,-1.3385504484176636
Additive,1.5,-1.1666133403778076,-1.2311488389968872
Additive,1.5,1.0704188346862793,1.8041993379592896
Additive,1.5,2.378849744796753,1.822460651397705
Additive,1.5,1.9238218069076538,2.179335832595825
Additive,1.5,0.6569015383720398,1.3455685377120972
Additive,1.5,0.1982240080833435,0.35278528928756714
Additive,1.5,0.2684938311576843,-0.196398064494133
Additive,1.5,-1.476697564125061,-1.162068247795105
Additive,1.5,0.7027240991592407,0.7658592462539673
Additive,1.5,-0.9143620729446411,-0.6796271204948425
Additive,1.5,-0.03810333460569382,0.16640549898147583
Additive,1.5,0.09988739341497421,-0.09016138315200806
Additive,1.5,0.5093026161193848,0.1617431938648224
Additive,1.5,-1.4337267875671387,-0.16486121714115143
Additive,1.5,1.6661635637283325,0.8341425061225891
Additive,1.5,-1.3398855924606323,-0.1493736207485199
Additive,1.5,-0.12064136564731598,0.2272801250219345
Additive,1.5,-1.642275094985962,-1.317734718322754
Additive,1.5,2.334965229034424,2.5166146755218506
Additive,1.5,2.4452853202819824,2.3361258506774902
Additive,1.5,-2.3013086318969727,-2.1902859210968018
Additive,1.5,-0.7179571390151978,-1.030482530593872
Additive,1.5,0.9524459838867188,0.9170705080032349
Additive,1.5,-1.65422785282135,-1.743934988975525
Additive,1.5,-2.007852077484131,-1.919519305229187
Additive,1.5,0.22620075941085815,0.5285865664482117
Additive,1.5,-0.2667008340358734,0.38935813307762146
Additive,1.5,-0.8472771644592285,-1.9633463621139526
Additive,1.5,0.6339884996414185,1.8320837020874023
Additive,1.5,0.03805684298276901,-1.0041340589523315
Additive,1.5,-2.2519257068634033,-2.631340503692627
Additive,1.5,-0.877255916595459,-1.3563648462295532
Additive,1.5,1.7001553773880005,2.111495018005371
Additive,1.5,0.06646664440631866,-0.16608025133609772
Additive,1.5,-1.0068302154541016,-1.6164653301239014
Additive,1.5,-1.9743642807006836,-2.2852783203125
Additive,1.5,-0.9230790734291077,-0.6778651475906372
Additive,1.5,1.2152721881866455,1.1503541469573975
Additive,1.5,0.31747904419898987,0.6260460019111633
Additive,1.5,0.5605675578117371,0.3469613194465637
Additive,1.5,-1.9636746644973755,-1.0671690702438354
Additive,1.5,-0.7059996724128723,-1.162841796875
Additive,1.5,2.3552582263946533,2.483069896697998
Additive,1.5,2.1785342693328857,2.5024616718292236
Additive,1.5,2.0471200942993164,1.8884475231170654
Additive,1.5,-0.2887246310710907,-0.5217847228050232
Additive,1.5,-1.5832927227020264,-1.6573214530944824
Additive,1.5,1.4665579795837402,1.3857557773590088
Additive,1.5,1.6514073610305786,2.3706202507019043
Additive,1.5,1.023642897605896,0.9787046909332275
Additive,1.5,-1.3001786470413208,-1.4109749794006348
Additive,1.5,2.318427562713623,2.50763201713562
Additive,1.5,0.35408124327659607,0.7430553436279297
Additive,1.5,-1.7085914611816406,-1.652604341506958
Additive,1.5,0.82525634765625,1.1027241945266724
Additive,1.5,1.2514262199401855,0.9420371651649475
Additive,1.5,2.4688870906829834,2.3703830242156982
Additive,1.5,-0.40687108039855957,-0.7698529362678528
Additive,1.5,-0.7812697291374207,-0.6146356463432312
Additive,1.5,-1.467604160308838,-0.2556023895740509
Additive,1.5,-0.20024344325065613,-0.04930390045046806
Additive,1.5,-1.3615732192993164,-1.3782870769500732
Additive,1.5,0.627662181854248,0.5047553777694702
Additive,1.5,-1.4432367086410522,-1.5020889043807983
Additive,1.5,-1.8231713771820068,-1.2256145477294922
Additive,1.5,-2.347468376159668,-2.057584285736084
Additive,1.5,-1.2434028387069702,-1.1510924100875854
Additive,1.5,-1.4558131694793701,-1.4878571033477783
Additive,1.5,0.32276493310928345,0.14204075932502747
Additive,1.5,-1.6689631938934326,-1.02666175365448
Additive,1.5,-1.8310810327529907,-2.2952346801757812
Additive,1.5,2.278507709503174,1.9398784637451172
Additive,1.5,-0.19113905727863312,-0.3121373653411865
Additive,1.5,0.8732324838638306,1.0984182357788086
Additive,1.5,1.1217906475067139,1.067771077156067
Additive,1.5,-0.6621788144111633,-0.4539371132850647
Additive,1.5,0.7485860586166382,0.5664637088775635
Additive,1.5,1.8826122283935547,2.021308422088623
Additive,1.5,-0.5871849060058594,-1.5958186388015747
Additive,1.5,0.3908197283744812,0.7023963928222656
Additive,1.5,0.8658815622329712,0.5099785327911377
Additive,1.5,-1.4372129440307617,-1.3354703187942505
Additive,1.5,1.2679500579833984,1.6878842115402222
Additive,1.5,-2.3524935245513916,-2.5686821937561035
Additive,1.5,-1.096534252166748,-1.0194085836410522
Additive,1.5,-0.9833201169967651,-0.7767555117607117
Additive,1.5,-0.3918714225292206,-0.2915162742137909
Additive,1.5,-0.2704817056655884,-0.5525615215301514
Additive,1.5,-1.9267371892929077,-1.692166805267334
Additive,1.5,0.053665678948163986,0.0024469385389238596
Additive,1.5,-2.134528636932373,-2.331529378890991
Additive,1.5,1.252780795097351,1.3336607217788696
Additive,1.5,0.45520684123039246,-0.07869190722703934
Additive,1.5,0.6246476769447327,0.6707130670547485
Additive,1.5,2.354710817337036,2.134143829345703
Additive,1.5,-0.3049367070198059,-0.7306473851203918
Additive,1.5,1.9148141145706177,1.5815081596374512
Additive,1.5,0.7793493866920471,0.722582221031189
Additive,1.5,1.6036279201507568,1.5423868894577026
Additive,1.5,0.22942553460597992,-0.14627325534820557
Additive,1.5,1.6267553567886353,1.9106059074401855
Additive,1.5,-1.0509811639785767,-0.8174542188644409
Additive,1.5,-0.9836521744728088,-1.2237974405288696
Additive,1.5,2.3026282787323,2.8546597957611084
Additive,1.5,-2.0777828693389893,-2.1425058841705322
Additive,1.5,0.4032452702522278,0.42197760939598083
Additive,1.5,1.2773585319519043,1.4962332248687744
Additive,1.5,-1.541597843170166,-1.6576231718063354
Additive,1.5,-1.4011094570159912,-1.1590733528137207
Additive,1.5,0.6641267538070679,0.9977802634239197
Additive,1.5,0.31213074922561646,1.1439464092254639
Additive,1.5,0.9532002210617065,0.7584181427955627
Additive,1.5,-1.4285168647766113,-1.5537865161895752
Additive,1.5,-1.4355106353759766,-1.2572046518325806
Additive,1.5,1.0675982236862183,-0.36838841438293457
Additive,1.5,1.7382763624191284,1.4397951364517212
Additive,1.5,-0.4239136576652527,-0.49358856678009033
Additive,1.5,-2.459927558898926,-2.7392592430114746
Additive,1.5,1.666390299797058,1.6769121885299683
Additive,1.5,1.6359920501708984,1.612405776977539
Additive,1.5,-1.2598316669464111,-0.9365765452384949
Additive,1.5,-0.12725244462490082,-0.05959401652216911
Additive,1.5,-2.3203134536743164,-2.7383482456207275
Additive,1.5,0.7535895109176636,-0.22501572966575623
Additive,1.5,-2.0975120067596436,-2.655024290084839
Additive,1.5,0.4546181261539459,0.8261247873306274
Additive,1.5,-1.6532196998596191,-1.7677589654922485
Additive,1.5,-1.8228040933609009,-2.038689136505127
Additive,1.5,-1.7972016334533691,-2.6841139793395996
Additive,1.5,1.6699289083480835,2.061973810195923
Additive,1.5,1.2851529121398926,0.8427210450172424
Additive,1.5,2.203907012939453,2.4812204837799072
Additive,1.5,-0.17835356295108795,-0.7019447684288025
Additive,1.5,0.9094101190567017,0.890884518623352
Additive,1.5,-2.0656957626342773,-1.493710994720459
Additive,1.5,-1.622214674949646,-2.1859934329986572
Additive,1.5,-1.7011367082595825,-1.624104380607605
Additive,1.5,-2.142993450164795,-2.2063238620758057
Additive,1.5,-2.4096274375915527,-2.107855796813965
Additive,1.5,-0.4138944745063782,-0.31087109446525574
Additive,1.5,-1.4783562421798706,-1.9245250225067139
Additive,1.5,-0.27697446942329407,-1.3607189655303955
Additive,1.5,-0.22720539569854736,-0.1069839596748352
Additive,1.5,-0.45009365677833557,-0.6261885166168213
Additive,1.5,2.2563490867614746,3.1249260902404785
Additive,1.5,-0.3356180191040039,-0.38951340317726135
Additive,1.5,-1.0274087190628052,-0.8886273503303528
Additive,1.5,-0.5090599060058594,0.12501654028892517
Additive,1.5,-1.3631950616836548,-1.2733861207962036
Additive,1.5,-0.10980197787284851,0.12667495012283325
Additive,1.5,0.5038423538208008,0.9738378524780273
Additive,1.5,2.2208099365234375,2.1273624897003174
Additive,1.5,-2.260179281234741,-2.1082208156585693
Additive,1.5,0.4139786958694458,0.2161824256181717
Additive,1.5,-1.202126145362854,-1.2505537271499634
Additive,1.5,0.2813940644264221,-0.1012265607714653
Additive,1.5,-0.6358016133308411,-0.6835872530937195
Additive,1.5,0.8528315424919128,0.7164419889450073
Additive,1.5,1.0178295373916626,2.0666768550872803
Additive,1.5,1.3146394491195679,1.1776827573776245
Additive,1.5,-2.1767032146453857,-2.1995158195495605
Additive,1.5,-0.21137699484825134,-0.1722712367773056
Additive,1.5,-0.9851506352424622,-1.2376080751419067
Additive,1.5,-0.815836489200592,-1.1263347864151
Additive,1.5,-2.382692337036133,-2.141115188598633
Additive,1.5,1.720449686050415,1.0280150175094604
Additive,1.5,-0.7688754200935364,-0.9596806764602661
Additive,1.5,-0.9560770988464355,-1.122495412826538
Additive,1.5,-0.2647908627986908,-0.8509596586227417
Additive,1.5,-0.41392555832862854,-0.26281246542930603
Additive,1.5,-0.1368418186903,0.16112221777439117
Additive,1.5,0.06236199289560318,-0.27686652541160583
Additive,1.5,1.9412295818328857,2.5881683826446533
Additive,1.5,2.197490692138672,1.7869421243667603
Additive,1.5,-0.4547096788883209,-0.37733495235443115
Additive,1.5,-0.8419698476791382,-1.0606645345687866
Additive,1.5,0.5267005562782288,0.7072552442550659
Additive,1.5,-0.387946218252182,0.2103007733821869
Additive,1.5,2.1229372024536133,2.15738582611084
Additive,1.5,1.0418285131454468,2.0440988540649414
Additive,1.5,1.0887748003005981,0.7112585306167603
Additive,1.5,1.11940336227417,0.7260203957557678
Additive,1.5,-1.5947606563568115,-2.465967893600464
Additive,1.5,-1.041782021522522,-0.5088358521461487
Additive,1.5,-1.101568341255188,-0.16296125948429108
Additive,1.5,-1.8721048831939697,-2.361673593521118
Additive,1.5,0.428426593542099,1.5378683805465698
Additive,1.5,0.08944271504878998,-0.13233326375484467
Additive,1.5,-1.8826909065246582,-1.872936725616455
Additive,1.5,-1.20759916305542,-1.2116056680679321
Additive,1.5,-1.6117023229599,-1.3001937866210938
Additive,1.5,0.3199535310268402,0.18526920676231384
Additive,1.5,-0.2719114422798157,-0.4679063856601715
Additive,1.5,2.2567858695983887,2.1609296798706055
Additive,1.5,-1.22227144241333,-1.5237586498260498
Additive,1.5,1.5851212739944458,2.182020902633667
Additive,1.5,-0.335362046957016,-0.5564994215965271
Additive,1.5,1.0642529726028442,0.0664990171790123
Additive,1.5,-0.5178923010826111,-0.07736648619174957
Additive,1.5,-1.1819487810134888,-1.6271666288375854
Additive,1.5,-1.5984402894973755,-1.8312503099441528
Additive,1.5,-1.756272554397583,-0.517910897731781
Additive,1.5,0.19867299497127533,-0.6021959781646729
Additive,1.5,1.2972944974899292,1.1776779890060425
Additive,1.5,0.528757631778717,0.943254828453064
Additive,1.5,1.8182835578918457,1.3836973905563354
Additive,1.5,0.6421042084693909,0.5767866969108582
Additive,1.5,0.09296434372663498,-0.26943084597587585
Additive,1.5,2.167436361312866,3.343973398208618
Additive,1.5,1.277176022529602,1.3968138694763184
Additive,1.5,-0.6582046747207642,-0.6654289960861206
Additive,1.5,-0.4486645460128784,0.07677089422941208
Additive,1.5,-0.11790204048156738,-0.14390668272972107
Additive,1.5,-0.09948519617319107,-0.11423707008361816
Additive,1.5,-1.4658018350601196,-1.3413182497024536
Additive,1.5,0.6318138241767883,2.1120266914367676
Additive,1.5,-1.6836076974868774,-1.3736597299575806
Additive,1.5,-0.17011888325214386,-0.22583410143852234
Additive,1.5,1.606466293334961,0.19771692156791687
Additive,1.5,-2.3118550777435303,-1.6058359146118164
Additive,1.5,2.049363613128662,2.9031529426574707
Additive,1.5,1.6051818132400513,1.8832331895828247
Additive,1.5,-0.7150677442550659,-0.19447971880435944
Additive,1.5,2.071068525314331,1.8874441385269165
Additive,1.5,0.3225526511669159,-0.16926297545433044
Additive,1.5,-0.6165627837181091,-0.675875186920166
Additive,1.5,1.0076887607574463,1.1714041233062744
Additive,1.5,0.8980992436408997,1.0034536123275757
Additive,1.5,1.552846908569336,1.0607452392578125
Additive,1.5,-2.3735480308532715,-2.0904855728149414
Additive,1.5,0.6434271931648254,0.5389646291732788
Additive,1.5,0.3968565762042999,0.693503201007843
Additive,1.5,2.313556432723999,2.1941182613372803
Additive,1.5,1.448534369468689,0.7861429452896118
Additive,1.5,-0.4434872567653656,0.002745789708569646
Additive,1.5,-2.0187528133392334,-2.097278594970703
Additive,1.5,-2.300985097885132,-1.210586428642273
Additive,1.5,1.0467581748962402,0.9253018498420715
Additive,1.5,-1.6666254997253418,-1.3799580335617065
Additive,1.5,0.6619952917098999,1.1792341470718384
Additive,1.5,-2.453457832336426,-2.5771291255950928
Additive,1.5,0.8324618935585022,0.6044256687164307
Additive,1.5,1.6751822233200073,0.8776346445083618
Additive,1.5,-2.4378318786621094,-2.120638132095337
Additive,1.5,2.367838144302368,2.571235179901123
Additive,1.5,-0.6841015219688416,-0.5901679396629333
Additive,1.5,1.6990058422088623,2.022582530975342
Additive,1.5,2.3701674938201904,2.4198036193847656
Additive,1.5,0.9530226588249207,0.45867612957954407
Additive,1.5,-1.3875569105148315,-0.9845942258834839
Additive,1.5,-0.2639751136302948,-0.21285107731819153
Additive,1.5,2.0036702156066895,1.9042928218841553
Additive,1.5,-2.226392984390259,-2.258695363998413
Additive,1.5,1.922907829284668,2.512687921524048
Additive,1.5,1.8629151582717896,1.605830192565918
Additive,1.5,0.9208607077598572,1.0642033815383911
Additive,1.5,-0.6367067098617554,-0.32967522740364075
Additive,1.5,2.26901912689209,2.1981265544891357
Additive,1.5,-0.53142249584198,-1.1443679332733154
Additive,1.5,-1.0326642990112305,-0.9941086769104004
Additive,1.5,2.378584146499634,2.59332013130188
Additive,1.5,2.473932981491089,3.232585906982422
Additive,1.5,-2.49529767036438,-2.831760883331299
Additive,1.5,0.6513392925262451,0.754277765750885
Additive,1.5,-0.7185344696044922,-0.5777091383934021
Additive,1.5,-0.3302907645702362,-0.44698387384414673
Additive,1.5,0.24227629601955414,0.7108738422393799
Additive,1.5,0.9283455610275269,0.9545494318008423
Additive,1.5,1.97858464717865,2.622494697570801
Additive,1.5,0.7332348823547363,0.7494194507598877
Additive,1.5,2.3541533946990967,2.489046573638916
Additive,1.5,-2.0943186283111572,-1.9930208921432495
Additive,1.5,2.003000259399414,1.7150323390960693
Additive,1.5,-1.4203600883483887,-1.7399499416351318
Additive,1.5,2.423435926437378,3.287346601486206
Additive,1.5,-1.2890708446502686,-1.4451011419296265
Additive,1.5,0.3123945891857147,2.165600538253784
Additive,1.5,-2.4276204109191895,-3.023139238357544
Additive,1.5,1.8623735904693604,2.01271915435791
Additive,1.5,0.702544629573822,1.001433253288269
Additive,1.5,1.9442520141601562,1.5975061655044556
Additive,1.5,2.17714786529541,2.5196878910064697
Additive,1.5,0.6641950607299805,0.5163659453392029
Additive,1.5,1.4753302335739136,0.4696616232395172
Additive,1.5,1.6761484146118164,0.8112922310829163
Additive,1.5,-0.8081539273262024,-0.4120296537876129
Additive,1.5,2.4251906871795654,1.9333422183990479
Additive,1.5,1.729835867881775,2.08962082862854
Additive,1.5,-0.7288922071456909,-0.8264683485031128
Additive,1.5,2.095926284790039,1.7705451250076294
Additive,1.5,-2.0288889408111572,-2.0552561283111572
Additive,1.5,0.7231136560440063,-0.08344093710184097
Additive,1.5,-1.2820978164672852,-0.8160291910171509
Additive,1.5,1.350677728652954,1.4040921926498413
Additive,1.5,-1.6586217880249023,-1.7707452774047852
Additive,1.5,0.39376363158226013,0.9234707951545715
Additive,1.5,0.3126290440559387,0.04926428571343422
Additive,1.5,2.1490163803100586,2.0445148944854736
Additive,1.5,0.6501094102859497,0.5807466506958008
Additive,1.5,2.269024133682251,2.1627914905548096
Additive,1.5,-2.430114507675171,-2.422966480255127
Additive,1.5,2.317903518676758,1.9077339172363281
Additive,1.5,-1.1176048517227173,-1.037131428718567
Additive,1.5,-0.9286319613456726,-1.1832515001296997
Additive,1.5,-2.3039262294769287,-2.8402392864227295
Additive,1.5,2.3893635272979736,2.1490564346313477
Additive,1.5,-0.4493243098258972,-0.05669594928622246
Additive,1.5,-1.6547682285308838,-1.6095008850097656
Additive,1.5,0.7951421141624451,0.9162407517433167
Additive,1.5,1.8813730478286743,1.7320871353149414
Additive,1.5,1.842661738395691,1.093580722808838
Additive,1.5,-0.26148176193237305,0.2993268370628357
Additive,1.5,1.490831971168518,1.6031453609466553
Additive,1.5,2.1417667865753174,2.00111985206604
Additive,1.5,1.650217890739441,2.4460270404815674
Additive,1.5,-0.44542255997657776,-0.012547239661216736
Additive,1.5,-1.5537163019180298,-2.6084611415863037
Additive,1.5,-0.7420673370361328,-0.7348672151565552
Additive,1.5,-1.0268809795379639,-1.0187984704971313
Additive,1.5,2.3846676349639893,2.4070470333099365
Additive,1.5,1.3230074644088745,1.8688650131225586
Additive,1.5,-0.24852654337882996,-0.3774179220199585
Additive,1.5,2.0039215087890625,1.339787483215332
Additive,1.5,2.4381325244903564,2.4418742656707764
Additive,1.5,-0.522197961807251,-0.26481562852859497
Additive,1.5,0.4935357868671417,0.26853063702583313
Additive,1.5,-2.064544677734375,-1.7314832210540771
Additive,1.5,0.32673510909080505,-0.006823364179581404
Additive,1.5,1.3771123886108398,1.0498473644256592
Additive,1.5,1.2674486637115479,1.642991065979004
Additive,1.5,1.005781888961792,0.911328911781311
Additive,1.5,1.0643545389175415,0.9328450560569763
Additive,1.5,-0.6622464060783386,-0.1794406771659851
Additive,1.5,0.5541354417800903,0.8262527585029602
Additive,1.5,0.7136543393135071,1.2467877864837646
Additive,1.5,-1.5760096311569214,-1.8479676246643066
Additive,1.5,0.17014078795909882,-0.09510930627584457
Additive,1.5,-0.5536198616027832,-0.5849257111549377
Additive,1.5,-0.11569871753454208,-0.1831492781639099
Additive,1.5,0.31681859493255615,0.5973626971244812
Additive,1.5,-0.6511719226837158,-1.1365487575531006
Additive,1.5,1.8389812707901,1.788614273071289
Additive,1.5,-0.06507951766252518,-0.37487369775772095
Additive,1.5,2.230006217956543,2.0687172412872314
Additive,1.5,-2.318427324295044,-2.691338062286377
Additive,1.5,-0.48116645216941833,-1.279945969581604
Additive,1.5,1.9761980772018433,2.4525930881500244
Additive,1.5,-0.029682528227567673,0.006334630306810141
Additive,1.5,1.1725050210952759,1.2819217443466187
Additive,1.5,-1.8276630640029907,-2.1776633262634277
Additive,1.5,2.095088005065918,2.0928239822387695
Additive,1.5,-0.28498736023902893,0.2008572816848755
Additive,1.5,-0.5904163718223572,-0.25508466362953186
Additive,1.5,0.2924652397632599,0.3821418583393097
Additive,1.5,-1.3435767889022827,-0.9646817445755005
Additive,1.5,-2.3678510189056396,-2.5587902069091797
Additive,1.5,-1.560781717300415,-2.005596876144409
Additive,1.5,1.6258193254470825,1.455086350440979
Additive,1.5,0.27378982305526733,0.2571926414966583
Additive,1.5,0.4467199146747589,1.62319016456604
Additive,1.5,-1.5907737016677856,-2.095905065536499
Additive,1.5,-2.450355291366577,-2.246821880340576
Additive,1.5,0.2843764126300812,0.7252517938613892
Additive,1.5,-0.9361958503723145,-1.76164972782135
Additive,1.5,1.2761539220809937,1.094731092453003
Additive,1.5,-1.7580293416976929,-1.8438477516174316
Additive,1.5,-0.28782519698143005,0.5225728154182434
Additive,1.5,1.1902484893798828,1.8916575908660889
Additive,1.5,1.2202537059783936,2.4379830360412598
Additive,1.5,-1.196378469467163,-1.6997898817062378
Additive,1.5,-0.6477494239807129,-1.3355273008346558
Additive,1.5,-1.0434401035308838,-0.8134095668792725
Additive,1.5,1.6849902868270874,1.6513490676879883
Additive,1.5,-1.908759593963623,-3.079517126083374
Additive,1.5,-0.8840628862380981,-1.657641887664795
Additive,1.5,2.391648769378662,2.6335270404815674
Additive,1.5,-1.1822278499603271,-1.5761733055114746
Additive,1.5,1.059314250946045,1.4216315746307373
Additive,1.5,-0.8531631827354431,-0.8635345697402954
Additive,1.5,-0.19891227781772614,0.38088905811309814
Additive,1.5,-1.3906748294830322,-0.8468481302261353
Additive,1.5,1.5538655519485474,1.9628517627716064
Additive,1.5,-1.8358304500579834,-1.6431591510772705
Additive,1.5,1.7108173370361328,2.6271097660064697
Additive,1.5,1.4089735746383667,0.8091140389442444
Additive,1.5,2.363560199737549,2.435765027999878
Additive,1.5,1.399842619895935,1.7185089588165283
Additive,1.5,-1.074106216430664,-1.2473396062850952
Additive,1.5,-0.5076737999916077,-0.7452067136764526
Additive,1.5,-2.313194513320923,-2.391355514526367
Additive,1.5,-0.8167995810508728,-1.0051289796829224
Additive,1.5,-0.8930765390396118,-1.2854557037353516
Additive,1.5,0.5744197368621826,0.9503798484802246
Additive,1.5,-1.8678219318389893,-1.818116307258606
Additive,1.5,2.2373807430267334,2.1020007133483887
Additive,1.5,-0.09683433920145035,0.29980045557022095
Additive,1.5,1.0852539539337158,0.9625555872917175
Additive,1.5,-1.5681761503219604,-1.7542598247528076
Additive,1.5,-0.06001783907413483,0.07695654779672623
Additive,1.5,-0.5109642744064331,-0.6715525984764099
Additive,1.5,2.0483524799346924,1.8220969438552856
Additive,1.5,1.6130973100662231,1.9411100149154663
Additive,1.5,1.7410722970962524,1.4751518964767456
Additive,1.5,-1.346256971359253,-1.3413327932357788
Additive,1.5,0.3193736672401428,-2.735999822616577
Additive,1.5,-2.0734925270080566,-2.4525628089904785
Additive,1.5,-2.2695436477661133,-2.229736566543579
Additive,1.5,-0.8232231736183167,-0.08972793072462082
Additive,1.5,-2.1984498500823975,-2.686739921569824
Additive,1.5,1.279331922531128,0.9874001145362854
Additive,1.5,-2.269929885864258,-2.4960203170776367
Additive,1.5,-2.025433301925659,-1.82547128200531
Additive,1.5,-0.8562878370285034,-0.7783974409103394
Additive,1.5,1.3807883262634277,1.4166890382766724
Additive,1.5,2.2696635723114014,2.260652780532837
Additive,1.5,1.030125617980957,1.3588390350341797
Additive,1.5,0.005256426986306906,-0.6164308190345764
Additive,1.5,-0.20104262232780457,-0.1415165513753891
Additive,1.5,0.942440390586853,0.696636438369751
Additive,1.5,-1.4796175956726074,-1.4585435390472412
Additive,1.5,-2.1647229194641113,-2.205190896987915
Additive,1.5,-1.5278586149215698,-1.5776276588439941
Additive,1.5,-0.20154829323291779,-0.5966231822967529
Additive,1.5,0.9083724617958069,0.5060527920722961
Additive,1.5,-1.290826678276062,-1.7055861949920654
Additive,1.5,0.5851982235908508,0.865925133228302
Additive,1.5,1.5579876899719238,1.2165666818618774
Additive,1.5,-0.4657200872898102,-1.1141448020935059
Additive,1.5,-2.290972948074341,-2.200820207595825
Additive,1.5,-0.9601306915283203,-1.0226963758468628
Additive,1.5,-0.40324124693870544,-0.4754159450531006
Additive,1.5,-1.550052285194397,-1.4204894304275513
Additive,1.5,1.459732174873352,1.511399745941162
Additive,1.5,2.1120872497558594,1.0471127033233643
Additive,1.5,2.12211275100708,2.0599634647369385
Additive,1.5,-2.403158664703369,-2.7115256786346436
Additive,1.5,1.859607458114624,1.7939951419830322
Additive,1.5,-1.2560174465179443,-0.7136464715003967
Additive,1.5,-0.6876910328865051,-0.38207849860191345
Additive,1.5,0.14909176528453827,0.2852770984172821
Additive,1.5,0.05249904468655586,-0.3736952245235443
Additive,1.5,1.363236665725708,1.188233733177185
Additive,1.5,-1.4040751457214355,-1.4979071617126465
Additive,1.5,-0.09539888799190521,-0.03785812482237816
Additive,1.5,-1.39579176902771,-1.207090973854065
Additive,1.5,1.4642927646636963,1.998057246208191
Additive,1.5,1.5669879913330078,1.8093236684799194
Additive,1.5,1.5320663452148438,1.0109480619430542
Additive,1.5,-0.7910557985305786,-0.8697131872177124
Additive,1.5,1.747600793838501,1.581638216972351
Additive,1.5,1.1317636966705322,0.8876503705978394
Additive,1.5,-1.9066946506500244,-1.2733662128448486
Additive,1.5,0.987460732460022,0.5940854549407959
Additive,1.5,-0.4260813593864441,-0.16189037263393402
Additive,1.5,0.9802935123443604,1.9768919944763184
Additive,1.5,-0.4797579050064087,-1.0104840993881226
Additive,1.5,-0.29993632435798645,0.1323326975107193
Additive,1.5,0.17635075747966766,0.6837894320487976
Additive,1.5,-0.04389682039618492,-0.014016143046319485
Additive,1.5,-0.5020985007286072,-0.39933013916015625
Additive,1.5,-0.8267309665679932,-0.4510558247566223
Additive,1.5,0.06540128588676453,0.5474473834037781
Additive,1.5,2.464130163192749,2.1880691051483154
Additive,1.5,2.3480679988861084,2.5193278789520264
Additive,1.5,0.4848916530609131,0.04795052483677864
Additive,1.5,2.484452486038208,2.112663984298706
Additive,1.5,2.0177969932556152,1.766038179397583
Additive,1.5,1.3314050436019897,1.23106849193573
Additive,1.5,-1.171193242073059,-1.3118997812271118
Additive,1.5,-2.239704132080078,-2.3681387901306152
Additive,1.5,1.4114054441452026,1.7039679288864136
Additive,1.5,-2.3064181804656982,-3.556483030319214
Additive,1.5,-1.1869021654129028,-0.7972928285598755
Additive,1.5,-2.2073311805725098,-2.1434273719787598
Additive,1.5,-1.629065752029419,-0.5652678608894348
Additive,1.5,1.187793493270874,0.8611794710159302
Additive,1.5,-0.9718300700187683,0.34481287002563477
Additive,1.5,-1.1064093112945557,-0.6807089447975159
Additive,1.5,0.8425472974777222,0.8384344577789307
Additive,1.5,-1.7754348516464233,-1.6861485242843628
Additive,1.5,1.9328882694244385,2.0824687480926514
Additive,1.5,-0.3728185296058655,-1.0073965787887573
Additive,1.5,-1.2758930921554565,-1.0825496912002563
Additive,1.5,0.018385043367743492,-0.16743704676628113
Additive,1.5,-1.2047125101089478,-1.805556058883667
Additive,1.5,-1.3367069959640503,-1.732148289680481
Additive,1.5,-0.48343169689178467,0.2036619484424591
Additive,1.5,-0.3138291537761688,-1.684335470199585
Additive,1.5,-1.3531767129898071,-1.70695960521698
Additive,1.5,0.2381599098443985,0.23146650195121765
Additive,1.5,1.652549386024475,1.7231135368347168
Additive,1.5,1.2477401494979858,2.0089869499206543
Additive,1.5,1.0759806632995605,1.1313226222991943
Additive,1.5,-0.44573578238487244,-0.4775184690952301
Additive,1.5,1.130375862121582,1.4316445589065552
Additive,1.5,-1.2215824127197266,-1.7495115995407104
Additive,1.5,1.551651954650879,1.1629890203475952
Additive,1.5,0.9240247011184692,0.8260616660118103
Additive,1.5,1.0826363563537598,0.9739879965782166
Additive,1.5,0.5482005476951599,0.7480961084365845
Additive,1.5,-1.8569165468215942,-2.3964037895202637
Additive,1.5,-0.6569216847419739,-1.4746564626693726
Additive,1.5,0.6789988875389099,1.0626208782196045
Additive,1.5,-0.6674536466598511,-0.647125244140625
Additive,1.5,1.8815147876739502,1.5829923152923584
Additive,1.5,0.6112435460090637,1.0358439683914185
Additive,1.5,-0.8092672228813171,-0.8926616907119751
Additive,1.5,0.5640718340873718,0.5058615803718567
Additive,1.5,-0.792633593082428,0.1486409306526184
Additive,1.5,1.8015363216400146,1.953875184059143
Additive,1.5,1.3677778244018555,1.5141210556030273
Additive,1.5,-1.1905924081802368,-1.1358171701431274
Additive,1.5,-2.385511636734009,-2.9719064235687256
Additive,1.5,1.338756799697876,1.33686363697052
Additive,1.5,-0.8191848397254944,-0.5440138578414917
Additive,1.5,-2.1849896907806396,-1.283361792564392
Additive,1.5,0.08269049227237701,0.18472205102443695
Additive,1.5,1.272243857383728,1.1508382558822632
Additive,1.5,-0.8012378811836243,-1.3952527046203613
Additive,1.5,-1.2414146661758423,-1.2923935651779175
Additive,1.5,0.5908766388893127,0.024128803983330727
Additive,1.5,-1.7597371339797974,-1.6754242181777954
Additive,1.5,-2.3242714405059814,-2.3334009647369385
Additive,1.5,0.5842705965042114,0.3162079155445099
Additive,1.5,-1.6871378421783447,-1.7231131792068481
Additive,1.5,0.1739087700843811,-0.1266138106584549
Additive,1.5,0.33446815609931946,-1.1633903980255127
Additive,1.5,1.6264678239822388,1.190331220626831
Additive,1.5,0.6471319794654846,0.4447609782218933
Additive,1.5,-0.8583307266235352,-0.5595096945762634
Additive,1.5,0.5247743129730225,1.019551157951355
Additive,1.5,1.5660035610198975,1.683711051940918
Additive,1.5,-0.08882521092891693,0.14457306265830994
Additive,1.5,1.661234736442566,3.06020188331604
Additive,1.5,1.0525482892990112,1.0182726383209229
Additive,1.5,-2.2702271938323975,-2.505676507949829
Additive,1.5,-1.5060545206069946,-1.486702799797058
Additive,1.5,2.2405974864959717,2.8408193588256836
Additive,1.5,1.6995254755020142,1.9544060230255127
Additive,1.5,1.4015251398086548,0.9916272759437561
Additive,1.5,2.2274787425994873,2.2644362449645996
Additive,1.5,2.4985406398773193,2.7428832054138184
Additive,1.5,0.6320489048957825,0.8391958475112915
Additive,1.5,-0.241392582654953,-0.9817317724227905
Additive,1.5,1.9068529605865479,2.2868576049804688
Additive,1.5,-0.057239383459091187,-0.13296757638454437
Additive,1.5,-0.5849378705024719,-0.7023104429244995
Additive,1.5,0.9739069938659668,1.1974403858184814
Additive,1.5,1.5562909841537476,1.5178420543670654
Additive,1.5,1.9225205183029175,2.020202159881592
Additive,1.5,1.172916293144226,1.0432555675506592
Additive,1.5,1.9960016012191772,1.1986616849899292
Additive,1.5,-1.7362560033798218,-1.6893928050994873
Additive,1.5,-0.11595992743968964,-0.527466356754303
Additive,1.5,0.1287735551595688,0.19602996110916138
Additive,1.5,-0.09089218825101852,-0.4404895007610321
Additive,1.5,-0.1715475171804428,-0.6367114782333374
Additive,1.5,1.98269784450531,1.7362488508224487
Additive,1.5,-1.5450422763824463,-1.7725991010665894
Additive,1.5,1.179614543914795,1.2340977191925049
Additive,1.5,1.0500953197479248,0.9843833446502686
Additive,1.5,-0.739528238773346,-1.3542752265930176
Additive,1.5,-1.84844970703125,-1.9351638555526733
Additive,1.5,-0.3212023675441742,-0.07327121496200562
Additive,1.5,-1.2562593221664429,-1.6487810611724854
Additive,1.5,-1.2789156436920166,-1.1864503622055054
Additive,1.5,0.14017170667648315,0.05363106727600098
Additive,1.5,-1.9008091688156128,-2.3398234844207764
Additive,1.5,-1.7322627305984497,-1.4705523252487183
Additive,1.5,0.062113795429468155,0.22439175844192505
Additive,1.5,0.38580501079559326,0.7576540112495422
Additive,1.5,1.8547189235687256,1.401153326034546
Additive,1.5,-1.24652099609375,-1.789959192276001
Additive,1.5,-1.2074891328811646,-1.2738556861877441
Additive,1.5,-0.8174642324447632,-1.1115995645523071
Additive,1.5,0.6399468183517456,1.092279076576233
Additive,1.5,2.4882311820983887,1.6710121631622314
Additive,1.5,0.387902170419693,0.6155537962913513
Additive,1.5,-0.7615967392921448,-0.7447026968002319
Additive,1.5,2.0529401302337646,1.8832188844680786
Additive,1.5,-1.2153027057647705,-1.0428706407546997
Additive,1.5,1.9196524620056152,1.3843992948532104
Additive,1.5,1.143977403640747,1.397517204284668
Additive,1.5,-1.5573770999908447,-0.8342216610908508
Additive,1.5,-2.229731798171997,-2.293985366821289
Additive,1.5,2.0891659259796143,2.1227946281433105
Additive,1.5,-1.8734608888626099,-1.9918744564056396
Additive,1.5,1.8216971158981323,1.9354755878448486
Additive,1.5,-1.4044264554977417,-1.1722427606582642
Additive,1.5,-0.649455189704895,-0.7883277535438538
Additive,1.5,0.6324777603149414,0.5279703736305237
Additive,1.5,-0.8944640755653381,-0.9729341864585876
Additive,1.5,-1.0248172283172607,-1.3118833303451538
Additive,1.5,-1.7286810874938965,-0.6910871863365173
Additive,1.5,1.6829566955566406,2.0140130519866943
Additive,1.5,-0.6709557771682739,-0.6926621198654175
Additive,1.5,1.7218153476715088,1.818608283996582
Additive,1.5,0.39811187982559204,0.5814681649208069
Additive,1.5,-0.7190062403678894,-1.2433416843414307
Additive,1.5,-0.06896733492612839,0.30046913027763367
Additive,1.5,0.7622395157814026,0.4937393367290497
Additive,1.5,1.1614296436309814,1.5779846906661987
Additive,1.5,-1.1493520736694336,-2.60518217086792
Additive,1.5,0.24793590605258942,-0.43611273169517517
Additive,1.5,1.6347548961639404,1.4306957721710205
Additive,1.5,-2.1205644607543945,-2.109778642654419
Additive,1.5,1.8253393173217773,2.440373182296753
Additive,1.5,1.452783226966858,1.3659815788269043
Additive,1.5,0.086478091776371,-0.15987078845500946
Additive,1.5,1.310215950012207,1.2723184823989868
Additive,1.5,0.7990038990974426,0.44272321462631226
Additive,1.5,-2.0364456176757812,-1.9290555715560913
Additive,1.5,-1.8474905490875244,-2.1544082164764404
Additive,1.5,2.078054189682007,2.027618646621704
Additive,1.5,0.8837890625,0.6224489808082581
Additive,1.5,0.26788613200187683,0.9122911691665649
Additive,1.5,-1.841350793838501,-1.9724115133285522
Additive,1.5,-0.747211754322052,-1.6022485494613647
Additive,1.5,1.230735421180725,1.4859488010406494
Additive,1.5,-1.7451030015945435,-0.5377515554428101
Additive,1.5,-1.0663892030715942,-1.0967024564743042
Additive,1.5,2.1993119716644287,2.7801740169525146
Additive,1.5,1.9110665321350098,2.140388011932373
Additive,1.5,-1.0279920101165771,-1.3087996244430542
Additive,1.5,2.152402400970459,1.3763341903686523
Additive,1.5,1.2302577495574951,0.9708418846130371
Additive,1.5,-1.1337275505065918,-0.8999465703964233
Additive,1.5,2.3496315479278564,2.2828588485717773
Additive,1.5,-0.455130934715271,-0.4406702220439911
Additive,1.5,2.3797707557678223,2.6049509048461914
Additive,1.5,1.8173664808273315,1.4652509689331055
Additive,1.5,2.1600866317749023,1.7992411851882935
Additive,1.5,-0.6601011753082275,-0.5446547865867615
Additive,1.5,1.7419780492782593,1.9057514667510986
Additive,1.5,1.389051914215088,-0.7817286849021912
Additive,1.5,-1.1548845767974854,-0.9973770976066589
Additive,1.5,-0.14573900401592255,-0.21749117970466614
Additive,1.5,-1.4108985662460327,-1.5134726762771606
Additive,1.5,-1.008313775062561,-0.2152957022190094
Additive,1.5,1.3184599876403809,1.6570485830307007
Additive,1.5,2.3156118392944336,2.3834149837493896
Additive,1.5,1.3968242406845093,1.4258724451065063
Additive,1.5,1.0304793119430542,0.43893933296203613
Additive,1.5,-1.5052417516708374,-1.4234458208084106
Additive,1.5,0.2783253788948059,0.4977854788303375
Additive,1.5,1.0219042301177979,2.8329036235809326
Additive,1.5,2.206022024154663,3.318190097808838
Additive,1.5,0.5969566106796265,0.431552916765213
Additive,1.5,0.9103274941444397,0.9618198871612549
Additive,1.5,1.4174070358276367,0.6222105622291565
Additive,1.5,2.499941825866699,2.7026658058166504
Additive,1.5,-0.9842929840087891,-0.8898019790649414
Additive,1.5,-1.3508578538894653,-1.171229362487793
Additive,1.5,-2.3047518730163574,-2.611840009689331
Additive,1.5,1.2254083156585693,1.0371267795562744
Additive,1.5,-1.2068756818771362,-1.5645345449447632
Additive,1.5,-2.1281588077545166,-2.261378765106201
Additive,1.5,-1.5553616285324097,-1.4799386262893677
Additive,1.5,-1.1284749507904053,-1.381446361541748
Additive,1.5,-2.041766405105591,-1.1690579652786255
Additive,1.5,-2.3629605770111084,-2.369474411010742
Additive,1.5,0.483186274766922,0.6168901920318604
Additive,1.5,-0.042469244450330734,0.34692224860191345
Additive,1.5,0.6716500520706177,0.3218004107475281
Additive,1.5,1.2803447246551514,1.0696310997009277
Additive,1.5,2.455705165863037,2.7613282203674316
Additive,1.5,-0.12582868337631226,-0.1932743936777115
Additive,1.5,0.8508483171463013,1.1304857730865479
Additive,1.5,1.0593727827072144,1.4142335653305054
Additive,1.5,0.24836131930351257,0.33949512243270874
Additive,1.5,0.06566619873046875,-0.13481062650680542
Additive,1.5,-0.3609080910682678,-0.7229792475700378
Additive,1.5,-0.1719784289598465,-0.2820744216442108
Additive,1.5,2.203383207321167,1.6858036518096924
Additive,1.5,1.7020525932312012,1.4928401708602905
Additive,1.5,1.2270537614822388,1.2403311729431152
Additive,1.5,-0.9438294768333435,-1.4678024053573608
Additive,1.5,-2.0239152908325195,-2.57612681388855
Additive,1.5,-0.3725886940956116,-0.40190282464027405
Additive,1.5,-1.16326904296875,-1.2191457748413086
Additive,1.5,0.3550272285938263,0.33967164158821106
Additive,1.5,0.20548541843891144,0.6417109966278076
Additive,1.5,-1.0961582660675049,-0.8061637878417969
Additive,1.5,-0.6004251837730408,-0.813840925693512
Additive,1.5,1.5019359588623047,1.5572713613510132
Additive,1.5,-2.3072378635406494,-2.693787097930908
Additive,1.5,-0.9755431413650513,-0.8712502717971802
Additive,1.5,1.942578673362732,1.0860307216644287
Additive,1.5,2.407710313796997,2.587287187576294
Additive,1.5,1.1627627611160278,0.6991931200027466
Additive,1.5,-0.16283582150936127,0.511025071144104
Additive,1.5,-1.9913250207901,-1.8761330842971802
Additive,1.5,-0.4400797486305237,0.6453394293785095
Additive,1.5,2.26041841506958,1.9455736875534058
Additive,1.5,0.93682461977005,1.3417026996612549
Additive,1.5,-1.7900420427322388,-1.4654589891433716
Additive,1.5,0.629490315914154,2.051327705383301
Additive,1.5,-0.6637935042381287,-0.30700555443763733
Additive,1.5,-2.1843926906585693,-2.9544289112091064
Additive,1.5,2.399725914001465,2.142777919769287
Additive,1.5,-0.6934943199157715,-0.6683636903762817
Additive,1.5,-0.7382269501686096,-0.6186933517456055
Additive,1.5,0.854773759841919,1.1300857067108154
Additive,1.5,0.8829632997512817,1.0154601335525513
Additive,1.5,1.5846208333969116,1.9773945808410645
Additive,1.5,0.36308398842811584,-0.15823698043823242
Additive,1.5,2.190861463546753,1.7224140167236328
Additive,1.5,0.19237913191318512,0.7052256464958191
Additive,1.5,0.8720048666000366,1.5982478857040405
Additive,1.5,1.8675875663757324,1.9931162595748901
Additive,1.5,-1.6383596658706665,-1.894205927848816
Additive,1.5,-2.127652406692505,-1.8172179460525513
Additive,1.5,0.8645988702774048,1.4363858699798584
Additive,1.5,-2.418837547302246,-2.8720688819885254
Additive,1.5,-0.705351710319519,-0.5432111620903015
Additive,1.5,0.6791431903839111,1.5616896152496338
Additive,1.5,1.1272838115692139,1.3866207599639893
Additive,1.5,0.6697155237197876,0.9325686693191528
Additive,1.5,-0.08008942008018494,-0.5710908770561218
Additive,1.5,2.396596908569336,2.883157968521118
Additive,1.5,1.4641597270965576,1.68813157081604
Additive,1.5,1.5229507684707642,1.2189538478851318
Additive,1.5,-2.3684396743774414,-2.7054295539855957
Additive,1.5,-2.0255062580108643,-1.7807104587554932
Additive,1.5,1.8792897462844849,1.8127707242965698
Additive,1.5,-2.075427293777466,-2.0691919326782227
Additive,1.5,0.8699644804000854,1.6719890832901
Additive,1.5,1.9935100078582764,2.4348459243774414
Additive,1.5,-2.20297908782959,-2.110605001449585
Additive,1.5,-1.7945630550384521,-1.1525561809539795
Additive,1.5,-1.4341853857040405,-1.004744052886963
Additive,1.5,-0.0250164233148098,0.1338268518447876
Additive,1.5,1.2991533279418945,1.4342081546783447
Additive,1.5,-2.0612685680389404,-1.4057718515396118
Additive,1.5,-2.0557568073272705,-1.8722918033599854
Additive,1.5,0.6692256331443787,1.3785289525985718
Additive,1.5,0.04449164867401123,-0.23958930373191833
Additive,1.5,2.4965479373931885,2.3650965690612793
Additive,1.5,-1.2669850587844849,-1.475058674812317
Additive,1.5,1.4091835021972656,1.6232463121414185
Additive,1.5,-1.5136423110961914,-0.8638590574264526
Additive,1.5,-1.5058101415634155,-1.8419334888458252
Additive,1.5,0.22686363756656647,-3.3513667583465576
Additive,1.5,2.239436149597168,2.207667350769043
Additive,1.5,1.7386833429336548,2.035299062728882
Additive,1.5,-1.4144736528396606,-1.1491576433181763
Additive,1.5,-1.0567020177841187,-1.4034382104873657
Additive,1.5,0.11874894052743912,0.41498321294784546
Additive,1.5,-1.0639541149139404,-0.572618305683136
Additive,1.5,-1.424163818359375,-1.172991156578064
Additive,1.5,0.7039375901222229,1.4067432880401611
Additive,1.5,-1.5565145015716553,-1.631003499031067
Additive,1.5,2.1454124450683594,2.360752820968628
Additive,1.5,1.7920349836349487,1.9915592670440674
Additive,1.5,0.15285645425319672,0.1580442190170288
Additive,1.5,-0.37406134605407715,-0.46383118629455566
Additive,1.5,1.7906184196472168,1.8693993091583252
Additive,1.5,-0.7910733819007874,-1.0879377126693726
Additive,1.5,1.5319952964782715,1.5900107622146606
Additive,1.5,1.5988249778747559,1.830959677696228
Additive,1.5,-1.4394512176513672,-1.1872159242630005
Additive,1.5,2.021132230758667,2.022372245788574
Additive,1.5,-1.1669354438781738,-0.8920983076095581
Additive,1.5,-1.9809750318527222,-1.8619346618652344
Additive,1.5,1.3233927488327026,1.3802504539489746
Additive,1.5,2.1978981494903564,2.2039403915405273
Additive,1.5,-0.550125777721405,-0.3305889666080475
Additive,1.5,1.6932698488235474,1.1341451406478882
Additive,1.5,2.25671648979187,1.8226643800735474
Additive,1.5,1.302914023399353,0.8978860378265381
Additive,1.5,0.8456612825393677,1.0732709169387817
Additive,1.5,-2.4971723556518555,-2.5981264114379883
Additive,1.5,0.42914581298828125,0.47929537296295166
Additive,1.5,-0.19417689740657806,0.11832916736602783
Additive,1.5,-0.8829163908958435,-1.5834238529205322
Additive,1.5,-0.13144196569919586,-0.4408296048641205
Additive,1.5,1.0386470556259155,1.2744004726409912
Additive,1.5,-0.41251564025878906,0.02063431590795517
Additive,1.5,1.6567753553390503,1.1509207487106323
Additive,1.5,-1.651098370552063,-1.880089282989502
Additive,1.5,0.1818925142288208,0.18504835665225983
Additive,1.5,-2.3551082611083984,-2.5410425662994385
Additive,1.5,-0.3118860721588135,0.4793565571308136
Additive,1.5,1.3208924531936646,1.2709987163543701
Additive,1.5,0.5354148149490356,0.8330943584442139
Additive,1.5,-1.7759135961532593,-1.4001315832138062
Additive,1.5,-1.9501334428787231,-3.280259132385254
Additive,1.5,-2.168260097503662,-2.245676279067993
Additive,1.5,2.0051894187927246,1.6375653743743896
Additive,1.5,1.224941372871399,0.7369171380996704
Additive,1.5,-0.05498753488063812,0.42440733313560486
Additive,1.5,-1.2775155305862427,-1.2449829578399658
Additive,1.5,1.6984792947769165,1.6444309949874878
Additive,1.5,-2.415599822998047,-2.4425573348999023
Additive,1.5,-1.6146591901779175,-1.7644182443618774
Additive,1.5,0.435077041387558,0.3325238525867462
Additive,1.5,1.7048077583312988,1.9957913160324097
Additive,1.5,0.953983724117279,0.5832969546318054
Additive,1.5,-1.1581493616104126,-1.3598376512527466
Additive,1.5,-1.032330870628357,-0.2317844033241272
Additive,1.5,2.387054204940796,2.602933883666992
Additive,1.5,-0.40691760182380676,-1.7576230764389038
Additive,1.5,-1.9888739585876465,-3.1420388221740723
Additive,1.5,0.8006387948989868,0.6384688019752502
Additive,1.5,1.2395998239517212,1.3851542472839355
Additive,1.5,0.7707752585411072,0.6190826296806335
Additive,1.5,-1.7583926916122437,-1.203353762626648
Additive,1.5,2.1312520503997803,1.7453054189682007
Additive,1.5,-1.2040879726409912,-1.2962580919265747
Additive,1.5,0.3510541021823883,-0.15518228709697723
Additive,1.5,-0.7467247247695923,-0.2523640990257263
Additive,1.5,-2.323704719543457,-2.7296109199523926
Additive,1.5,-2.360656976699829,-2.160290479660034
Additive,1.5,1.5753016471862793,1.057641625404358
Additive,1.5,0.9009217619895935,1.0253545045852661
Additive,1.5,-2.385154962539673,-2.5780420303344727
Additive,1.5,-1.2765415906906128,-1.1728849411010742
Additive,1.5,-2.421074390411377,-2.3042938709259033
Additive,1.5,0.6445650458335876,0.2764904499053955
Additive,1.5,1.484076976776123,1.1848012208938599
Additive,1.5,0.054381128400564194,0.24921485781669617
Additive,1.5,-2.2213802337646484,-1.6157817840576172
Additive,1.5,-0.8836510181427002,-0.89976966381073
Additive,1.5,2.4811625480651855,2.0077590942382812
Additive,1.5,-1.1602234840393066,-1.7208056449890137
Additive,1.5,1.0151370763778687,1.252382516860962
Additive,1.5,-1.482824444770813,-2.9611499309539795
Additive,1.5,2.3927793502807617,2.7729296684265137
Additive,1.5,1.2166028022766113,1.6190636157989502
Additive,1.5,1.1278456449508667,1.2916804552078247
Additive,1.5,2.348668098449707,3.2646145820617676
Additive,1.5,-0.7805929183959961,-0.12488164752721786
Additive,1.5,2.399810314178467,1.968118667602539
Additive,1.5,-0.56439208984375,-0.9666830897331238
Additive,1.5,2.1684932708740234,2.2201521396636963
Additive,1.5,-0.9527146816253662,-0.5814450979232788
Additive,1.5,-1.4374539852142334,-1.2666767835617065
Additive,1.5,-2.45231556892395,-2.2642416954040527
Multiplicative,1.5,1.921932339668274,4.031270980834961
Multiplicative,1.5,0.9300896525382996,3.9296278953552246
Multiplicative,1.5,-1.099252462387085,0.7472816705703735
Multiplicative,1.5,0.9556515216827393,6.201244831085205
Multiplicative,1.5,0.6857483386993408,3.0785467624664307
Multiplicative,1.5,-1.7429299354553223,1.085145354270935
Multiplicative,1.5,0.012149322777986526,3.3960273265838623
Multiplicative,1.5,-1.9161847829818726,1.6626737117767334
Multiplicative,1.5,-0.4443492293357849,2.2498879432678223
Multiplicative,1.5,-1.1454460620880127,1.5588845014572144
Multiplicative,1.5,0.7084422707557678,2.4344570636749268
Multiplicative,1.5,1.9681408405303955,5.304904937744141
Multiplicative,1.5,-0.8391269445419312,1.864038348197937
Multiplicative,1.5,-1.9782419204711914,1.2997678518295288
Multiplicative,1.5,1.7514029741287231,2.507615804672241
Multiplicative,1.5,-2.1608223915100098,1.2601122856140137
Multiplicative,1.5,1.82194983959198,3.3948984146118164
Multiplicative,1.5,-0.8424047827720642,2.342582941055298
Multiplicative,1.5,-2.367177724838257,1.0928795337677002
Multiplicative,1.5,2.2311794757843018,2.8311820030212402
Multiplicative,1.5,1.142675757408142,2.4902946949005127
Multiplicative,1.5,-0.7284718751907349,1.9620985984802246
Multiplicative,1.5,-2.4744343757629395,1.126568078994751
Multiplicative,1.5,-1.2181761264801025,1.0241390466690063
Multiplicative,1.5,-2.125305414199829,0.6270270347595215
Multiplicative,1.5,-0.960751473903656,1.6660219430923462
Multiplicative,1.5,2.0299415588378906,3.419379711151123
Multiplicative,1.5,-0.22870951890945435,4.245378494262695
Multiplicative,1.5,2.17570161819458,2.846362590789795
Multiplicative,1.5,-1.786747694015503,0.6715266704559326
Multiplicative,1.5,-1.694603443145752,1.2537384033203125
Multiplicative,1.5,1.999471664428711,2.0882108211517334
Multiplicative,1.5,1.1027965545654297,2.930446147918701
Multiplicative,1.5,-1.8466399908065796,0.2768031060695648
Multiplicative,1.5,1.6869877576828003,4.5769429206848145
Multiplicative,1.5,2.4256694316864014,4.682280540466309
Multiplicative,1.5,-1.2882767915725708,2.1780147552490234
Multiplicative,1.5,-0.5635201334953308,2.0318994522094727
Multiplicative,1.5,2.492044448852539,2.7126624584198
Multiplicative,1.5,0.9045788049697876,2.480656623840332
Multiplicative,1.5,-1.5660213232040405,1.6957677602767944
Multiplicative,1.5,0.20060664415359497,1.3903112411499023
Multiplicative,1.5,-1.3020129203796387,2.4460132122039795
Multiplicative,1.5,-1.2477151155471802,2.101698875427246
Multiplicative,1.5,1.9165626764297485,1.3003243207931519
Multiplicative,1.5,0.35615289211273193,2.2565457820892334
Multiplicative,1.5,-0.05458628013730049,3.2478384971618652
Multiplicative,1.5,1.3841402530670166,3.459111213684082
Multiplicative,1.5,0.3377075791358948,3.3382022380828857
Multiplicative,1.5,0.8168867230415344,3.1145482063293457
Multiplicative,1.5,0.6490002274513245,2.1317992210388184
Multiplicative,1.5,-0.7211916446685791,2.7899765968322754
Multiplicative,1.5,-0.8179913759231567,1.407656192779541
Multiplicative,1.5,-0.3906373679637909,4.866923809051514
Multiplicative,1.5,-0.45116427540779114,2.0254454612731934
Multiplicative,1.5,1.5375242233276367,2.7452428340911865
Multiplicative,1.5,-2.3981363773345947,0.5914466381072998
Multiplicative,1.5,-0.7822436690330505,1.886656403541565
Multiplicative,1.5,1.8412405252456665,4.959300518035889
Multiplicative,1.5,0.4355733096599579,3.9379427433013916
Multiplicative,1.5,1.7323312759399414,4.593901634216309
Multiplicative,1.5,-2.467118740081787,0.5240534543991089
Multiplicative,1.5,-1.1096159219741821,2.2868146896362305
Multiplicative,1.5,-1.3738124370574951,0.9548633694648743
Multiplicative,1.5,-0.11507858335971832,1.4602288007736206
Multiplicative,1.5,0.12650397419929504,2.4965786933898926
Multiplicative,1.5,-0.4998299479484558,0.8599299192428589
Multiplicative,1.5,-1.8127528429031372,1.3199763298034668
Multiplicative,1.5,0.6841983795166016,2.2831835746765137
Multiplicative,1.5,1.4572560787200928,1.7395368814468384
Multiplicative,1.5,-0.5975435376167297,1.9656462669372559
Multiplicative,1.5,1.3943266868591309,2.4289939403533936
Multiplicative,1.5,-0.6546638011932373,1.945893406867981
Multiplicative,1.5,-1.9178940057754517,1.1689176559448242
Multiplicative,1.5,-1.4992702007293701,1.3895403146743774
Multiplicative,1.5,-0.561540961265564,2.660447835922241
Multiplicative,1.5,-0.9280968308448792,1.4298772811889648
Multiplicative,1.5,-2.4791259765625,0.6901576519012451
Multiplicative,1.5,-2.0787339210510254,0.8741617798805237
Multiplicative,1.5,0.22822974622249603,1.7194602489471436
Multiplicative,1.5,0.9585824608802795,1.432383418083191
Multiplicative,1.5,-2.1230406761169434,0.9943996667861938
Multiplicative,1.5,-0.9123994708061218,0.7147473096847534
Multiplicative,1.5,-2.007214307785034,0.6001386642456055
Multiplicative,1.5,2.4252140522003174,5.693620681762695
Multiplicative,1.5,1.3661596775054932,2.071476459503174
Multiplicative,1.5,2.0280652046203613,1.9542946815490723
Multiplicative,1.5,1.0206190347671509,5.437555313110352
Multiplicative,1.5,-0.7489596605300903,1.2576876878738403
Multiplicative,1.5,-1.479296326637268,1.444982647895813
Multiplicative,1.5,-2.280590772628784,0.45291221141815186
Multiplicative,1.5,1.2199571132659912,2.370640993118286
Multiplicative,1.5,1.1098237037658691,3.55179500579834
Multiplicative,1.5,2.152371883392334,3.908005714416504
Multiplicative,1.5,0.0013327302876859903,1.3409092426300049
Multiplicative,1.5,-0.7245255708694458,1.939703345298767
Multiplicative,1.5,-1.8063671588897705,1.510872721672058
Multiplicative,1.5,0.952046275138855,3.570183038711548
Multiplicative,1.5,-0.2890607416629791,1.8554489612579346
Multiplicative,1.5,-1.189935326576233,1.8866326808929443
Multiplicative,1.5,0.19596771895885468,1.5186606645584106
Multiplicative,1.5,0.7839727997779846,2.867648124694824
Multiplicative,1.5,0.23921284079551697,1.5811841487884521
Multiplicative,1.5,-0.37597769498825073,1.6576006412506104
Multiplicative,1.5,2.3126368522644043,4.345555782318115
Multiplicative,1.5,-1.5663553476333618,2.285963296890259
Multiplicative,1.5,-1.6847304105758667,2.2567954063415527
Multiplicative,1.5,-2.0273351669311523,1.072811245918274
Multiplicative,1.5,1.5251564979553223,2.8081319332122803
Multiplicative,1.5,-2.3957269191741943,0.5573793649673462
Multiplicative,1.5,2.379756212234497,7.387414455413818
Multiplicative,1.5,-0.289264440536499,0.9402881860733032
Multiplicative,1.5,1.3641482591629028,2.5318071842193604
Multiplicative,1.5,2.3967747688293457,3.3095860481262207
Multiplicative,1.5,-2.324510097503662,0.5765784382820129
Multiplicative,1.5,1.5326298475265503,5.132835865020752
Multiplicative,1.5,-2.0067155361175537,2.1127867698669434
Multiplicative,1.5,1.2955504655838013,5.011595726013184
Multiplicative,1.5,0.5928891897201538,3.084728479385376
Multiplicative,1.5,1.3700617551803589,3.6061854362487793
Multiplicative,1.5,-0.303378701210022,3.918860912322998
Multiplicative,1.5,1.3741693496704102,4.329192638397217
Multiplicative,1.5,0.7221461534500122,1.114675760269165
Multiplicative,1.5,-1.5887377262115479,1.430891990661621
Multiplicative,1.5,-0.6007311344146729,1.4463814496994019
Multiplicative,1.5,-0.7632946968078613,1.9895459413528442
Multiplicative,1.5,-2.1862289905548096,1.3250553607940674
Multiplicative,1.5,0.9702845811843872,2.4930763244628906
Multiplicative,1.5,-0.015053379349410534,1.9025096893310547
Multiplicative,1.5,-0.8818762302398682,1.286420464515686
Multiplicative,1.5,1.6764215230941772,3.416083574295044
Multiplicative,1.5,0.6925693154335022,2.981649160385132
Multiplicative,1.5,-1.051511526107788,1.789107322692871
Multiplicative,1.5,2.287130355834961,3.692143440246582
Multiplicative,1.5,0.39124488830566406,2.5094544887542725
Multiplicative,1.5,1.295469880104065,5.631345748901367
Multiplicative,1.5,0.8025570511817932,3.3757784366607666
Multiplicative,1.5,0.2602292597293854,4.0821309089660645
Multiplicative,1.5,0.47863852977752686,4.95632791519165
Multiplicative,1.5,1.0450230836868286,4.359388828277588
Multiplicative,1.5,0.15496964752674103,1.4906489849090576
Multiplicative,1.5,-0.46793416142463684,1.2366201877593994
Multiplicative,1.5,-1.645161509513855,0.9222003817558289
Multiplicative,1.5,-2.404315710067749,0.3638331890106201
Multiplicative,1.5,-2.1675541400909424,1.2150992155075073
Multiplicative,1.5,2.043292760848999,6.364154815673828
Multiplicative,1.5,-1.90183424949646,2.6420419216156006
Multiplicative,1.5,-0.8794873356819153,2.597123146057129
Multiplicative,1.5,0.39608022570610046,4.376896858215332
Multiplicative,1.5,-2.2458932399749756,0.5470879077911377
Multiplicative,1.5,-1.494283676147461,0.7891541719436646
Multiplicative,1.5,-0.7522963881492615,2.8546700477600098
Multiplicative,1.5,-0.4427185356616974,2.2369401454925537
Multiplicative,1.5,2.1935908794403076,2.6720798015594482
Multiplicative,1.5,-1.317989468574524,0.9062492251396179
Multiplicative,1.5,-0.7213573455810547,1.555586576461792
Multiplicative,1.5,0.9361947774887085,3.396455764770508
Multiplicative,1.5,0.9912806153297424,3.446260690689087
Multiplicative,1.5,1.4683728218078613,1.7621272802352905
Multiplicative,1.5,2.4591102600097656,4.185632705688477
Multiplicative,1.5,0.336514413356781,2.5191991329193115
Multiplicative,1.5,-0.4376390278339386,2.2548301219940186
Multiplicative,1.5,-1.154052495956421,1.0908595323562622
Multiplicative,1.5,0.12390290200710297,1.565609097480774
Multiplicative,1.5,0.65641188621521,3.641979217529297
Multiplicative,1.5,2.3112618923187256,9.31450366973877
Multiplicative,1.5,-0.997627317905426,2.4939539432525635
Multiplicative,1.5,-1.1313426494598389,0.7844768762588501
Multiplicative,1.5,2.4001219272613525,7.506289005279541
Multiplicative,1.5,0.006446846295148134,1.9844595193862915
Multiplicative,1.5,0.9013580679893494,1.3783628940582275
Multiplicative,1.5,2.3752074241638184,3.4893574714660645
Multiplicative,1.5,-0.990742027759552,1.8454591035842896
Multiplicative,1.5,-0.45526352524757385,2.5563604831695557
Multiplicative,1.5,0.21089766919612885,1.5805082321166992
Multiplicative,1.5,-2.4010143280029297,0.8679395914077759
Multiplicative,1.5,-1.0942763090133667,1.6422779560089111
Multiplicative,1.5,0.1752709597349167,2.7439162731170654
Multiplicative,1.5,0.5586687922477722,1.9211572408676147
Multiplicative,1.5,-1.6623283624649048,0.757352352142334
Multiplicative,1.5,-2.2014315128326416,0.727436900138855
Multiplicative,1.5,0.46523216366767883,1.3667482137680054
Multiplicative,1.5,1.6411830186843872,3.914701461791992
Multiplicative,1.5,-0.050682589411735535,3.531703472137451
Multiplicative,1.5,-0.38874542713165283,3.2057301998138428
Multiplicative,1.5,0.08349072188138962,2.5640175342559814
Multiplicative,1.5,-0.2821502089500427,1.6444299221038818
Multiplicative,1.5,2.033306121826172,3.460547924041748
Multiplicative,1.5,1.2320793867111206,4.3387017250061035
Multiplicative,1.5,-1.436478614807129,1.3188023567199707
Multiplicative,1.5,1.1801652908325195,1.5586469173431396
Multiplicative,1.5,-2.124544858932495,0.8769912719726562
Multiplicative,1.5,1.26318359375,5.659310817718506
Multiplicative,1.5,1.200911521911621,4.297718524932861
Multiplicative,1.5,0.9664729833602905,1.2762068510055542
Multiplicative,1.5,1.7454452514648438,1.532099723815918
Multiplicative,1.5,1.3878977298736572,6.399716854095459
Multiplicative,1.5,1.3039813041687012,1.9932435750961304
Multiplicative,1.5,1.951004147529602,4.019851207733154
Multiplicative,1.5,-0.2915005385875702,2.219266176223755
Multiplicative,1.5,-1.9383809566497803,1.220499038696289
Multiplicative,1.5,-0.10694423317909241,1.6072231531143188
Multiplicative,1.5,-1.294208288192749,0.7273439168930054
Multiplicative,1.5,0.5114803910255432,2.806663751602173
Multiplicative,1.5,-0.9170015454292297,1.2136213779449463
Multiplicative,1.5,-0.7812402248382568,1.017979383468628
Multiplicative,1.5,-0.7758963108062744,1.9655182361602783
Multiplicative,1.5,1.1750922203063965,3.761052131652832
Multiplicative,1.5,1.3973314762115479,1.7634979486465454
Multiplicative,1.5,0.11750200390815735,2.3434956073760986
Multiplicative,1.5,-0.46016907691955566,1.905767560005188
Multiplicative,1.5,-1.8864426612854004,0.534732460975647
Multiplicative,1.5,1.2603893280029297,3.662097930908203
Multiplicative,1.5,0.14920790493488312,2.4433696269989014
Multiplicative,1.5,1.2113298177719116,5.818684101104736
Multiplicative,1.5,-1.5223208665847778,1.18064546585083
Multiplicative,1.5,1.639129638671875,1.801864504814148
Multiplicative,1.5,0.5035755634307861,3.077468156814575
Multiplicative,1.5,-1.4947552680969238,1.126596212387085
Multiplicative,1.5,2.0583512783050537,1.7661899328231812
Multiplicative,1.5,-0.5563728213310242,2.70979380607605
Multiplicative,1.5,0.5898486971855164,2.720869779586792
Multiplicative,1.5,-1.3988611698150635,0.7916804552078247
Multiplicative,1.5,-0.26072895526885986,1.5577895641326904
Multiplicative,1.5,-2.340102195739746,0.698247492313385
Multiplicative,1.5,0.2611645460128784,1.2610571384429932
Multiplicative,1.5,2.357069253921509,2.8162155151367188
Multiplicative,1.5,0.3498131036758423,2.480276346206665
Multiplicative,1.5,1.6578547954559326,4.737547874450684
Multiplicative,1.5,1.631143569946289,4.8414411544799805
Multiplicative,1.5,0.2939327359199524,4.000068187713623
Multiplicative,1.5,2.1600563526153564,3.669487476348877
Multiplicative,1.5,2.163119316101074,3.8811726570129395
Multiplicative,1.5,1.574833869934082,2.3026528358459473
Multiplicative,1.5,0.7047644257545471,2.900639772415161
Multiplicative,1.5,0.4031209647655487,2.7965247631073
Multiplicative,1.5,0.49429628252983093,2.0307817459106445
Multiplicative,1.5,1.9928336143493652,8.186317443847656
Multiplicative,1.5,-2.1812186241149902,1.0644210577011108
Multiplicative,1.5,2.171926259994507,2.5355417728424072
Multiplicative,1.5,1.1575610637664795,4.046615123748779
Multiplicative,1.5,-2.453138589859009,0.7518436908721924
Multiplicative,1.5,-1.9921740293502808,0.3870798945426941
Multiplicative,1.5,-0.1350962072610855,4.598295211791992
Multiplicative,1.5,0.7854645848274231,2.3201043605804443
Multiplicative,1.5,-1.3644075393676758,1.735913634300232
Multiplicative,1.5,-0.9036057591438293,3.3641085624694824
Multiplicative,1.5,-0.6628723740577698,1.7915548086166382
Multiplicative,1.5,2.0795297622680664,4.263545989990234
Multiplicative,1.5,-0.9450024366378784,1.9493119716644287
Multiplicative,1.5,-2.3254454135894775,0.9774922728538513
Multiplicative,1.5,-1.149458408355713,1.1666191816329956
Multiplicative,1.5,-0.6415139436721802,1.6257777214050293
Multiplicative,1.5,-0.6471645832061768,1.0674879550933838
Multiplicative,1.5,-0.527877151966095,2.3377485275268555
Multiplicative,1.5,-2.2188868522644043,0.6460403800010681
Multiplicative,1.5,0.11095386743545532,1.5381373167037964
Multiplicative,1.5,-1.1708730459213257,1.4006167650222778
Multiplicative,1.5,2.1747443675994873,3.3967902660369873
Multiplicative,1.5,-2.34735369682312,0.901578962802887
Multiplicative,1.5,-2.3853983879089355,0.7256039977073669
Multiplicative,1.5,-1.8089544773101807,2.0677406787872314
Multiplicative,1.5,-1.3979960680007935,0.8494654893875122
Multiplicative,1.5,2.3881916999816895,5.207475662231445
Multiplicative,1.5,0.8132202625274658,1.9212920665740967
Multiplicative,1.5,-1.6985180377960205,1.3906421661376953
Multiplicative,1.5,-0.04402276128530502,2.2110915184020996
Multiplicative,1.5,-1.4036260843276978,1.8437480926513672
Multiplicative,1.5,-2.044287919998169,1.3256220817565918
Multiplicative,1.5,1.287588357925415,1.4823094606399536
Multiplicative,1.5,2.2589738368988037,2.935553550720215
Multiplicative,1.5,2.3613975048065186,3.7831127643585205
Multiplicative,1.5,-2.175276517868042,0.6324630379676819
Multiplicative,1.5,-1.441062331199646,1.497206687927246
Multiplicative,1.5,-1.0631599426269531,1.3872709274291992
Multiplicative,1.5,-0.8186666965484619,1.4505038261413574
Multiplicative,1.5,-2.1747593879699707,0.617053747177124
Multiplicative,1.5,2.3447444438934326,2.7942192554473877
Multiplicative,1.5,0.7876377701759338,4.573520660400391
Multiplicative,1.5,1.1157315969467163,3.5708088874816895
Multiplicative,1.5,-0.29133525490760803,2.6943955421447754
Multiplicative,1.5,1.8799830675125122,2.4624500274658203
Multiplicative,1.5,-1.3861360549926758,1.729729175567627
Multiplicative,1.5,-1.5284228324890137,1.2412137985229492
Multiplicative,1.5,1.5381500720977783,7.073648452758789
Multiplicative,1.5,-1.2165740728378296,1.5183075666427612
Multiplicative,1.5,2.0376386642456055,4.487642765045166
Multiplicative,1.5,-1.109745740890503,1.8772103786468506
Multiplicative,1.5,-0.8050828576087952,2.0681021213531494
Multiplicative,1.5,1.7516274452209473,2.603447675704956
Multiplicative,1.5,1.3630976676940918,3.3840484619140625
Multiplicative,1.5,-0.7397825121879578,1.682274341583252
Multiplicative,1.5,-0.208604097366333,2.76811146736145
Multiplicative,1.5,1.6731756925582886,1.4417997598648071
Multiplicative,1.5,-1.4589872360229492,0.8237225413322449
Multiplicative,1.5,-1.4990051984786987,0.8355996012687683
Multiplicative,1.5,0.24655158817768097,4.795895576477051
Multiplicative,1.5,-1.5834360122680664,1.2307839393615723
Multiplicative,1.5,0.9710670709609985,3.1106061935424805
Multiplicative,1.5,-1.470716118812561,1.0963460206985474
Multiplicative,1.5,1.7959952354431152,2.013148784637451
Multiplicative,1.5,2.488832712173462,4.823040962219238
Multiplicative,1.5,1.1100279092788696,4.981813430786133
Multiplicative,1.5,-1.4135807752609253,2.5489273071289062
Multiplicative,1.5,-0.3508760631084442,2.204552173614502
Multiplicative,1.5,1.2096019983291626,3.4643566608428955
Multiplicative,1.5,-2.3204774856567383,0.4999210238456726
Multiplicative,1.5,-2.1920976638793945,1.036537766456604
Multiplicative,1.5,1.8505984544754028,3.159630537033081
Multiplicative,1.5,-1.014870047569275,1.8593980073928833
Multiplicative,1.5,-0.8976961970329285,1.1625287532806396
Multiplicative,1.5,-2.2334377765655518,1.241550087928772
Multiplicative,1.5,1.169601559638977,3.3733863830566406
Multiplicative,1.5,1.8494850397109985,7.670673370361328
Multiplicative,1.5,-0.3065834641456604,0.8582457900047302
Multiplicative,1.5,-2.4939608573913574,0.5912889242172241
Multiplicative,1.5,-1.9213535785675049,0.33866047859191895
Multiplicative,1.5,1.8149425983428955,2.8721163272857666
Multiplicative,1.5,-0.18372075259685516,0.9465453624725342
Multiplicative,1.5,-2.360304832458496,0.9785177111625671
Multiplicative,1.5,1.0190565586090088,3.360217332839966
Multiplicative,1.5,-1.1050493717193604,0.9741664528846741
Multiplicative,1.5,1.7997550964355469,2.162058115005493
Multiplicative,1.5,2.058884620666504,2.9341423511505127
Multiplicative,1.5,-1.6820000410079956,0.7490537166595459
Multiplicative,1.5,-1.8219751119613647,0.33911970257759094
Multiplicative,1.5,-0.7817798256874084,1.1356539726257324
Multiplicative,1.5,-1.6777873039245605,1.0888705253601074
Multiplicative,1.5,-1.8785594701766968,1.629273772239685
Multiplicative,1.5,-1.6885120868682861,0.9841264486312866
Multiplicative,1.5,-0.2605701982975006,2.555657148361206
Multiplicative,1.5,-2.499305248260498,0.672254741191864
Multiplicative,1.5,2.13041353225708,5.9532060623168945
Multiplicative,1.5,1.1554032564163208,3.7979698181152344
Multiplicative,1.5,0.2467479407787323,2.0006582736968994
Multiplicative,1.5,0.7504276037216187,0.45771005749702454
Multiplicative,1.5,1.1143946647644043,4.108935832977295
Multiplicative,1.5,-1.2229183912277222,1.2290960550308228
Multiplicative,1.5,0.450412780046463,2.0152039527893066
Multiplicative,1.5,-1.4665566682815552,2.0181877613067627
Multiplicative,1.5,1.0469480752944946,2.23606276512146
Multiplicative,1.5,2.4214813709259033,2.7754533290863037
Multiplicative,1.5,-2.4402339458465576,0.6418758630752563
Multiplicative,1.5,2.338146448135376,1.946221113204956
Multiplicative,1.5,-2.2334084510803223,0.7693448066711426
Multiplicative,1.5,1.2750742435455322,3.962193727493286
Multiplicative,1.5,0.41207942366600037,1.789050817489624
Multiplicative,1.5,-1.3698946237564087,2.280099391937256
Multiplicative,1.5,1.633699893951416,2.4467413425445557
Multiplicative,1.5,0.8356893062591553,3.2426393032073975
Multiplicative,1.5,2.3457727432250977,5.047321319580078
Multiplicative,1.5,0.6032110452651978,3.042166233062744
Multiplicative,1.5,1.994417667388916,4.916314601898193
Multiplicative,1.5,1.8487083911895752,3.680774688720703
Multiplicative,1.5,-1.611142635345459,1.1704519987106323
Multiplicative,1.5,-2.3851373195648193,1.0924936532974243
Multiplicative,1.5,-1.657362937927246,2.0281198024749756
Multiplicative,1.5,-0.14500313997268677,1.6393444538116455
Multiplicative,1.5,1.8605669736862183,3.508552074432373
Multiplicative,1.5,-0.9061509966850281,0.6157622933387756
Multiplicative,1.5,-2.0491721630096436,1.0940452814102173
Multiplicative,1.5,1.097605586051941,2.6672964096069336
Multiplicative,1.5,1.8099560737609863,3.114900827407837
Multiplicative,1.5,-0.25960585474967957,2.947218656539917
Multiplicative,1.5,1.5259901285171509,5.032849311828613
Multiplicative,1.5,-2.205172061920166,0.5831792950630188
Multiplicative,1.5,-0.1741742640733719,2.912954807281494
Multiplicative,1.5,1.4272444248199463,1.9337952136993408
Multiplicative,1.5,0.9873121976852417,2.115949869155884
Multiplicative,1.5,0.25329580903053284,1.8012667894363403
Multiplicative,1.5,1.7732751369476318,1.18953537940979
Multiplicative,1.5,-1.4926587343215942,1.1759358644485474
Multiplicative,1.5,-0.713046669960022,1.9730452299118042
Multiplicative,1.5,0.7373033165931702,2.235941171646118
Multiplicative,1.5,0.5131440758705139,1.3070534467697144
Multiplicative,1.5,-2.0843400955200195,0.6066128611564636
Multiplicative,1.5,2.0550899505615234,2.6351444721221924
Multiplicative,1.5,-0.21524415910243988,1.3595892190933228
Multiplicative,1.5,-1.7978657484054565,2.0496654510498047
Multiplicative,1.5,-0.19017107784748077,1.58865487575531
Multiplicative,1.5,1.5759546756744385,5.452532768249512
Multiplicative,1.5,0.5238763689994812,3.594092607498169
Multiplicative,1.5,1.3268961906433105,1.5421051979064941
Multiplicative,1.5,-2.4588022232055664,1.1271817684173584
Multiplicative,1.5,-0.32847052812576294,1.2602009773254395
Multiplicative,1.5,1.771971344947815,3.7430365085601807
Multiplicative,1.5,-0.6938040852546692,2.4074151515960693
Multiplicative,1.5,2.483891487121582,4.36728572845459
Multiplicative,1.5,-0.6114821434020996,2.8014016151428223
Multiplicative,1.5,-0.28733575344085693,1.4113940000534058
Multiplicative,1.5,2.217600107192993,4.273287296295166
Multiplicative,1.5,0.6369350552558899,2.795917510986328
Multiplicative,1.5,-1.228056788444519,1.385056495666504
Multiplicative,1.5,-0.028063040226697922,1.4766929149627686
Multiplicative,1.5,2.008969783782959,4.129662036895752
Multiplicative,1.5,-0.7456773519515991,0.813094437122345
Multiplicative,1.5,0.39023303985595703,5.182042598724365
Multiplicative,1.5,-0.9183233976364136,1.065991997718811
Multiplicative,1.5,2.1335606575012207,1.9392781257629395
Multiplicative,1.5,1.9530695676803589,5.387612342834473
Multiplicative,1.5,-1.4941413402557373,1.2317681312561035
Multiplicative,1.5,-1.1729305982589722,0.6409687399864197
Multiplicative,1.5,-2.1788461208343506,0.7342416048049927
Multiplicative,1.5,-1.0337448120117188,2.4333271980285645
Multiplicative,1.5,2.339056968688965,2.9322431087493896
Multiplicative,1.5,0.6056557893753052,2.565304756164551
Multiplicative,1.5,-0.2636396586894989,3.936673641204834
Multiplicative,1.5,1.4554669857025146,3.1338562965393066
Multiplicative,1.5,-1.889329433441162,0.7082154154777527
Multiplicative,1.5,1.3315502405166626,3.746614694595337
Multiplicative,1.5,-2.273529291152954,0.9678332805633545
Multiplicative,1.5,0.9224473834037781,4.260738372802734
Multiplicative,1.5,-2.364675283432007,1.3527601957321167
Multiplicative,1.5,-2.3921518325805664,1.0003743171691895
Multiplicative,1.5,-1.659617304801941,2.4954278469085693
Multiplicative,1.5,-1.474584937095642,1.5404882431030273
Multiplicative,1.5,2.22849440574646,6.991517543792725
Multiplicative,1.5,-1.9689675569534302,0.7260937094688416
Multiplicative,1.5,0.18671844899654388,4.144381999969482
Multiplicative,1.5,-1.0706161260604858,1.8839340209960938
Multiplicative,1.5,-0.6243246793746948,1.7718379497528076
Multiplicative,1.5,-0.15765850245952606,1.7437793016433716
Multiplicative,1.5,-1.1505439281463623,1.2791606187820435
Multiplicative,1.5,-0.17787601053714752,1.5987160205841064
Multiplicative,1.5,-2.0721538066864014,1.9209365844726562
Multiplicative,1.5,2.446256160736084,3.239423990249634
Multiplicative,1.5,-0.43538179993629456,1.9484548568725586
Multiplicative,1.5,1.8224581480026245,3.0723013877868652
Multiplicative,1.5,1.6714823246002197,3.186025857925415
Multiplicative,1.5,-2.0193381309509277,0.8523338437080383
Multiplicative,1.5,1.0151522159576416,2.1166985034942627
Multiplicative,1.5,2.1870760917663574,3.2839953899383545
Multiplicative,1.5,0.37802940607070923,1.8437472581863403
Multiplicative,1.5,1.966575026512146,2.38211989402771
Multiplicative,1.5,-1.9849896430969238,1.6781262159347534
Multiplicative,1.5,-2.2186992168426514,0.47033393383026123
Multiplicative,1.5,2.3297181129455566,3.1363041400909424
Multiplicative,1.5,-1.9164928197860718,0.832960307598114
Multiplicative,1.5,-2.2291338443756104,0.4244762063026428
Multiplicative,1.5,-1.0616073608398438,3.125371217727661
Multiplicative,1.5,-1.8804564476013184,0.8474276065826416
Multiplicative,1.5,1.8578546047210693,3.500232219696045
Multiplicative,1.5,1.1871869564056396,4.001389026641846
Multiplicative,1.5,2.02731990814209,3.2461676597595215
Multiplicative,1.5,0.666545033454895,7.31376838684082
Multiplicative,1.5,2.2432196140289307,3.692133665084839
Multiplicative,1.5,-0.4292137622833252,1.3322504758834839
Multiplicative,1.5,0.49450013041496277,2.479236125946045
Multiplicative,1.5,0.7066510915756226,2.719616413116455
Multiplicative,1.5,-1.7978712320327759,0.8335857391357422
Multiplicative,1.5,1.366437554359436,1.6031103134155273
Multiplicative,1.5,2.0324835777282715,3.568653106689453
Multiplicative,1.5,-0.21677444875240326,1.8314005136489868
Multiplicative,1.5,2.0003504753112793,1.978572130203247
Multiplicative,1.5,2.0833096504211426,4.839922904968262
Multiplicative,1.5,1.1695177555084229,4.719198226928711
Multiplicative,1.5,-2.4082090854644775,1.2221626043319702
Multiplicative,1.5,1.9957971572875977,8.190052032470703
Multiplicative,1.5,-0.09886215627193451,1.7900904417037964
Multiplicative,1.5,-1.711628794670105,1.0749504566192627
Multiplicative,1.5,2.4259800910949707,8.88642692565918
Multiplicative,1.5,-0.8078530430793762,1.6624287366867065
Multiplicative,1.5,1.7694295644760132,4.4106550216674805
Multiplicative,1.5,1.8707629442214966,2.1220614910125732
Multiplicative,1.5,-0.5510896444320679,0.9432719945907593
Multiplicative,1.5,0.8355884552001953,2.6374778747558594
Multiplicative,1.5,1.8018807172775269,3.5796639919281006
Multiplicative,1.5,2.3128912448883057,4.33155632019043
Multiplicative,1.5,0.2967793643474579,2.0295655727386475
Multiplicative,1.5,-1.9736109972000122,1.122617483139038
Multiplicative,1.5,-0.6541168689727783,1.2615159749984741
Multiplicative,1.5,-1.191806674003601,1.3691903352737427
Multiplicative,1.5,0.9276784062385559,2.567182779312134
Multiplicative,1.5,-0.5997322797775269,1.530610203742981
Multiplicative,1.5,-0.0573931559920311,2.888241767883301
Multiplicative,1.5,-0.5904594659805298,2.1187331676483154
Multiplicative,1.5,0.9696763753890991,1.5199286937713623
Multiplicative,1.5,-0.41081497073173523,1.6785041093826294
Multiplicative,1.5,-0.4041355848312378,0.9366585612297058
Multiplicative,1.5,-1.913099765777588,0.8310118913650513
Multiplicative,1.5,-0.23074109852313995,1.4522570371627808
Multiplicative,1.5,-2.0306761264801025,0.9848350882530212
Multiplicative,1.5,0.6900805830955505,1.4969755411148071
Multiplicative,1.5,-0.9985923767089844,1.0010924339294434
Multiplicative,1.5,0.02586236409842968,1.5788835287094116
Multiplicative,1.5,0.23443320393562317,4.934852600097656
Multiplicative,1.5,2.2793173789978027,4.175457954406738
Multiplicative,1.5,0.8508971333503723,3.098149538040161
Multiplicative,1.5,1.1048946380615234,2.020580530166626
Multiplicative,1.5,0.012676001526415348,1.7207820415496826
Multiplicative,1.5,2.445584774017334,3.7508928775787354
Multiplicative,1.5,-0.2835080623626709,1.2278066873550415
Multiplicative,1.5,1.8194113969802856,2.5723869800567627
Multiplicative,1.5,2.062347173690796,4.993361949920654
Multiplicative,1.5,-1.4458985328674316,4.041158199310303
Multiplicative,1.5,2.0419840812683105,2.574580669403076
Multiplicative,1.5,-2.216708183288574,0.8474763035774231
Multiplicative,1.5,1.7109956741333008,2.6024253368377686
Multiplicative,1.5,2.2529122829437256,4.929585933685303
Multiplicative,1.5,2.198403835296631,7.61465311050415
Multiplicative,1.5,1.6869386434555054,2.995412588119507
Multiplicative,1.5,2.3456571102142334,5.442546844482422
Multiplicative,1.5,1.5139023065567017,2.0643937587738037
Multiplicative,1.5,1.6393182277679443,2.8072049617767334
Multiplicative,1.5,2.278434991836548,4.862140655517578
Multiplicative,1.5,2.317695379257202,2.194049119949341
Multiplicative,1.5,0.6982201337814331,0.953090250492096
Multiplicative,1.5,-0.2879982590675354,1.1010042428970337
Multiplicative,1.5,2.4718172550201416,2.9348442554473877
Multiplicative,1.5,-1.1614558696746826,0.7622685432434082
Multiplicative,1.5,1.2564594745635986,3.083714485168457
Multiplicative,1.5,-2.300600051879883,1.7993942499160767
Multiplicative,1.5,-0.7096606492996216,0.9420279860496521
Multiplicative,1.5,-0.9387412071228027,2.6953890323638916
Multiplicative,1.5,1.8476660251617432,2.4790830612182617
Multiplicative,1.5,-0.4257335066795349,1.4593884944915771
Multiplicative,1.5,0.04941761493682861,2.073902130126953
Multiplicative,1.5,-2.242668628692627,0.7334757447242737
Multiplicative,1.5,2.052903175354004,4.572912216186523
Multiplicative,1.5,1.9588909149169922,4.2641282081604
Multiplicative,1.5,0.35710322856903076,2.033418655395508
Multiplicative,1.5,0.8554533123970032,0.9572373628616333
Multiplicative,1.5,0.6832674145698547,2.380990505218506
Multiplicative,1.5,0.7432760000228882,2.2307488918304443
Multiplicative,1.5,-2.411407232284546,0.678164005279541
Multiplicative,1.5,-0.9824070930480957,1.8495219945907593
Multiplicative,1.5,0.3201914429664612,3.286853075027466
Multiplicative,1.5,-1.3408629894256592,1.5393739938735962
Multiplicative,1.5,-0.9896085262298584,1.3303499221801758
Multiplicative,1.5,-0.17480070888996124,2.2554128170013428
Multiplicative,1.5,1.084046721458435,2.374598264694214
Multiplicative,1.5,-0.3396241068840027,3.5040738582611084
Multiplicative,1.5,-1.7661951780319214,1.2388161420822144
Multiplicative,1.5,1.8688838481903076,3.8785905838012695
Multiplicative,1.5,1.5949029922485352,2.604314088821411
Multiplicative,1.5,1.6743308305740356,3.1039769649505615
Multiplicative,1.5,-1.9704102277755737,1.1472948789596558
Multiplicative,1.5,-1.3877924680709839,1.0041214227676392
Multiplicative,1.5,-1.579811692237854,1.0147432088851929
Multiplicative,1.5,-2.2921459674835205,0.6195505857467651
Multiplicative,1.5,-1.6499459743499756,1.3193355798721313
Multiplicative,1.5,2.0668704509735107,1.9562125205993652
Multiplicative,1.5,1.1477453708648682,3.866551160812378
Multiplicative,1.5,-1.231528639793396,1.866568922996521
Multiplicative,1.5,0.9192000031471252,2.586573839187622
Multiplicative,1.5,-1.3235135078430176,2.1113717555999756
Multiplicative,1.5,0.5279895663261414,5.9791259765625
Multiplicative,1.5,1.7924290895462036,3.690018892288208
Multiplicative,1.5,1.4453911781311035,3.5226938724517822
Multiplicative,1.5,-0.1556706726551056,4.684331893920898
Multiplicative,1.5,-0.5516370534896851,2.505204677581787
Multiplicative,1.5,1.835315465927124,2.1820170879364014
Multiplicative,1.5,-1.1318751573562622,1.2296059131622314
Multiplicative,1.5,0.006292878650128841,1.8774254322052002
Multiplicative,1.5,1.279051661491394,7.20379638671875
Multiplicative,1.5,-1.1065349578857422,1.2899738550186157
Multiplicative,1.5,2.4877257347106934,2.624770164489746
Multiplicative,1.5,1.4095637798309326,2.701148271560669
Multiplicative,1.5,0.5579493641853333,5.368628978729248
Multiplicative,1.5,1.3002835512161255,2.5461032390594482
Multiplicative,1.5,-2.4262421131134033,0.6392397284507751
Multiplicative,1.5,-1.2267740964889526,1.1937161684036255
Multiplicative,1.5,-0.7972655892372131,2.3005361557006836
Multiplicative,1.5,-1.7270400524139404,0.5856019258499146
Multiplicative,1.5,1.4560338258743286,2.6237268447875977
Multiplicative,1.5,-0.5540745258331299,1.9228101968765259
Multiplicative,1.5,-2.350252866744995,1.5596674680709839
Multiplicative,1.5,1.7920570373535156,2.474458694458008
Multiplicative,1.5,2.2741663455963135,2.801621675491333
Multiplicative,1.5,0.9854974150657654,5.182944297790527
Multiplicative,1.5,-1.3655797243118286,2.464430332183838
Multiplicative,1.5,1.5496973991394043,3.5262444019317627
Multiplicative,1.5,-0.46010059118270874,3.1810691356658936
Multiplicative,1.5,1.670863151550293,2.2126753330230713
Multiplicative,1.5,-2.4655208587646484,0.642803966999054
Multiplicative,1.5,1.2528655529022217,6.080852508544922
Multiplicative,1.5,-1.5687901973724365,1.0704959630966187
Multiplicative,1.5,-1.9047363996505737,1.8027464151382446
Multiplicative,1.5,-1.04146409034729,3.5607380867004395
Multiplicative,1.5,-0.7481919527053833,1.4266910552978516
Multiplicative,1.5,-1.355212926864624,0.9758482575416565
Multiplicative,1.5,-2.006927251815796,0.8891332149505615
Multiplicative,1.5,-0.2672733962535858,2.3104910850524902
Multiplicative,1.5,1.066156268119812,2.4864652156829834
Multiplicative,1.5,-2.3974297046661377,0.5898826122283936
Multiplicative,1.5,-1.054707407951355,1.914164662361145
Multiplicative,1.5,1.5492063760757446,2.4586353302001953
Multiplicative,1.5,-0.8653757572174072,2.6252384185791016
Multiplicative,1.5,1.2762356996536255,4.349845886230469
Multiplicative,1.5,0.7595142126083374,5.597169876098633
Multiplicative,1.5,-0.5179306268692017,1.9855486154556274
Multiplicative,1.5,1.6591320037841797,2.5586349964141846
Multiplicative,1.5,-1.225529670715332,0.8694366216659546
Multiplicative,1.5,0.4419325888156891,2.0161495208740234
Multiplicative,1.5,-2.2474536895751953,1.3229033946990967
Multiplicative,1.5,1.8547827005386353,6.453507900238037
Multiplicative,1.5,-0.7633627653121948,0.9199238419532776
Multiplicative,1.5,0.18509066104888916,2.3922483921051025
Multiplicative,1.5,-0.22643205523490906,1.434536099433899
Multiplicative,1.5,-1.0801937580108643,1.6907892227172852
Multiplicative,1.5,-1.5516142845153809,1.1253907680511475
Multiplicative,1.5,2.3313286304473877,2.5666489601135254
Multiplicative,1.5,-0.8819072842597961,2.6512904167175293
Multiplicative,1.5,-0.2092331051826477,1.4092885255813599
Multiplicative,1.5,0.08604386448860168,1.7484419345855713
Multiplicative,1.5,0.7338743209838867,2.9141829013824463
Multiplicative,1.5,-0.1321750283241272,3.9560556411743164
Multiplicative,1.5,0.661672055721283,4.047585964202881
Multiplicative,1.5,-1.1884845495224,1.9172084331512451
Multiplicative,1.5,-0.5559813380241394,2.0614070892333984
Multiplicative,1.5,-0.37885308265686035,1.5747618675231934
Multiplicative,1.5,-0.11232965439558029,0.6378153562545776
Multiplicative,1.5,-1.706009030342102,1.1190842390060425
Multiplicative,1.5,0.5190244317054749,1.3398469686508179
Multiplicative,1.5,-0.8884462118148804,1.880468726158142
Multiplicative,1.5,1.304302453994751,3.8850996494293213
Multiplicative,1.5,0.27032554149627686,3.226508617401123
Multiplicative,1.5,1.0122315883636475,4.968864440917969
Multiplicative,1.5,-0.46936696767807007,3.4037671089172363
Multiplicative,1.5,-2.494605541229248,0.5498363971710205
Multiplicative,1.5,-0.5587820410728455,1.7002923488616943
Multiplicative,1.5,2.3615074157714844,4.156494140625
Multiplicative,1.5,2.08441162109375,4.159547328948975
Multiplicative,1.5,1.6406018733978271,1.9941798448562622
Multiplicative,1.5,1.2832635641098022,1.581895112991333
Multiplicative,1.5,-1.0567771196365356,0.8394443988800049
Multiplicative,1.5,1.0814898014068604,3.87272310256958
Multiplicative,1.5,0.02035798877477646,2.5690789222717285
Multiplicative,1.5,-0.8665310144424438,1.4162813425064087
Multiplicative,1.5,-2.3042900562286377,1.4681079387664795
Multiplicative,1.5,0.41647061705589294,4.090358257293701
Multiplicative,1.5,0.11978784948587418,3.8737637996673584
Multiplicative,1.5,-1.8153173923492432,0.7050905823707581
Multiplicative,1.5,2.2357451915740967,3.5681819915771484
Multiplicative,1.5,2.38149356842041,4.982097148895264
Multiplicative,1.5,-1.4843941926956177,1.1479647159576416
Multiplicative,1.5,0.795057475566864,3.26816987991333
Multiplicative,1.5,-2.4227821826934814,1.0682039260864258
Multiplicative,1.5,1.4485968351364136,2.1681149005889893
Multiplicative,1.5,1.3689378499984741,3.2944791316986084
Multiplicative,1.5,1.032303810119629,2.178708076477051
Multiplicative,1.5,-0.5036315321922302,1.2480533123016357
Multiplicative,1.5,1.2528172731399536,3.852325439453125
Multiplicative,1.5,2.4843199253082275,3.852086305618286
Multiplicative,1.5,-1.3810145854949951,1.617551565170288
Multiplicative,1.5,-0.5370965003967285,4.957668781280518
Multiplicative,1.5,-1.1555962562561035,2.458238124847412
Multiplicative,1.5,0.41629934310913086,4.458499908447266
Multiplicative,1.5,0.2836456894874573,1.8512694835662842
Multiplicative,1.5,0.7578924298286438,1.7348642349243164
Multiplicative,1.5,0.7976137399673462,6.154792308807373
Multiplicative,1.5,1.0305098295211792,3.0025582313537598
Multiplicative,1.5,1.370976448059082,7.1353960037231445
Multiplicative,1.5,0.030867241322994232,2.0819921493530273
Multiplicative,1.5,2.112391710281372,4.7839555740356445
Multiplicative,1.5,0.7221461534500122,2.071721076965332
Multiplicative,1.5,1.8206502199172974,5.245487213134766
Multiplicative,1.5,0.4209015667438507,3.668955087661743
Multiplicative,1.5,-1.7410008907318115,1.2113983631134033
Multiplicative,1.5,1.0650840997695923,3.640024423599243
Multiplicative,1.5,1.0516194105148315,3.45477032661438
Multiplicative,1.5,-1.71890127658844,0.6375991106033325
Multiplicative,1.5,-1.2461886405944824,1.6397912502288818
Multiplicative,1.5,1.0358960628509521,2.4988043308258057
Multiplicative,1.5,-1.2275099754333496,1.5995286703109741
Multiplicative,1.5,-1.2954424619674683,1.3077031373977661
Multiplicative,1.5,2.303943157196045,6.158840656280518
Multiplicative,1.5,-1.5497472286224365,0.9581725597381592
Multiplicative,1.5,-1.8327916860580444,0.8000503778457642
Multiplicative,1.5,-0.9901300072669983,1.9001203775405884
Multiplicative,1.5,-1.023749589920044,1.3975430727005005
Multiplicative,1.5,0.24728187918663025,5.360642433166504
Multiplicative,1.5,-0.352654367685318,1.5261739492416382
Multiplicative,1.5,0.41211584210395813,1.1749497652053833
Multiplicative,1.5,-1.5719131231307983,3.250290632247925
Multiplicative,1.5,0.9178766012191772,3.5420098304748535
Multiplicative,1.5,-2.020040988922119,1.1331127882003784
Multiplicative,1.5,-0.9144214987754822,1.308700442314148
Multiplicative,1.5,0.8005526661872864,2.5175368785858154
Multiplicative,1.5,0.49634870886802673,5.050642490386963
Multiplicative,1.5,1.0309444665908813,3.292701005935669
Multiplicative,1.5,0.919723391532898,2.407740831375122
Multiplicative,1.5,-1.5044355392456055,1.2256970405578613
Multiplicative,1.5,-0.99891597032547,0.9506940245628357
Multiplicative,1.5,-1.8007005453109741,1.805432677268982
Multiplicative,1.5,-0.2765059173107147,0.7238296866416931
Multiplicative,1.5,0.5468860864639282,3.0411410331726074
Multiplicative,1.5,-1.1952720880508423,2.926727771759033
Multiplicative,1.5,0.7481544017791748,6.279722213745117
Multiplicative,1.5,-2.4638702869415283,1.2060896158218384
Multiplicative,1.5,0.6328179240226746,2.1280527114868164
Multiplicative,1.5,0.0823255330324173,1.989558458328247
Multiplicative,1.5,0.9980974197387695,6.335829257965088
Multiplicative,1.5,0.8251398205757141,4.832472324371338
Multiplicative,1.5,1.0575718879699707,2.7623558044433594
Multiplicative,1.5,-1.3934996128082275,1.8821238279342651
Multiplicative,1.5,-0.9490265846252441,1.6944628953933716
Multiplicative,1.5,2.2364237308502197,9.064461708068848
Multiplicative,1.5,0.3097085952758789,2.1782562732696533
Multiplicative,1.5,2.0976407527923584,2.7090847492218018
Multiplicative,1.5,1.907002329826355,2.969552993774414
Multiplicative,1.5,2.147535800933838,3.7415974140167236
Multiplicative,1.5,-1.3291103839874268,3.3522660732269287
Multiplicative,1.5,0.46668246388435364,5.846551895141602
Multiplicative,1.5,1.3882876634597778,11.395501136779785
Multiplicative,1.5,-2.180119752883911,0.6245643496513367
Multiplicative,1.5,-2.2968485355377197,1.2770048379898071
Multiplicative,1.5,1.7156528234481812,1.6492810249328613
Multiplicative,1.5,-1.3915880918502808,1.2069225311279297
Multiplicative,1.5,0.9091709852218628,4.663680076599121
Multiplicative,1.5,-0.6828217506408691,1.9047775268554688
Multiplicative,1.5,-2.357088804244995,0.9023052453994751
Multiplicative,1.5,-2.2524633407592773,1.063481092453003
Multiplicative,1.5,1.8480643033981323,1.8748717308044434
Multiplicative,1.5,-0.9577186703681946,1.2896255254745483
Multiplicative,1.5,-2.009854793548584,1.454382300376892
Multiplicative,1.5,-1.859237551689148,1.094665288925171
Multiplicative,1.5,-1.3369176387786865,2.4550254344940186
Multiplicative,1.5,0.13494612276554108,1.6996073722839355
Multiplicative,1.5,0.6989066004753113,4.717750549316406
Multiplicative,1.5,0.47630324959754944,3.514949083328247
Multiplicative,1.5,0.9596248269081116,1.5415658950805664
Multiplicative,1.5,-2.2001211643218994,1.32662832736969
Multiplicative,1.5,0.23221416771411896,2.4869384765625
Multiplicative,1.5,0.9217600226402283,3.7695364952087402
Multiplicative,1.5,-0.1388334482908249,4.448625564575195
Multiplicative,1.5,-0.5471920967102051,2.743856906890869
Multiplicative,1.5,-2.031238317489624,0.7160189151763916
Multiplicative,1.5,-1.1871283054351807,2.1128251552581787
Multiplicative,1.5,0.006671837996691465,3.3190553188323975
Multiplicative,1.5,1.7050830125808716,3.5404443740844727
Multiplicative,1.5,1.6534934043884277,5.305243015289307
Multiplicative,1.5,-2.070354461669922,0.453407883644104
Multiplicative,1.5,2.0257303714752197,6.911244869232178
Multiplicative,1.5,0.9037047028541565,4.591592788696289
Multiplicative,1.5,0.14804047346115112,3.9274609088897705
Multiplicative,1.5,-0.9540882110595703,1.8644288778305054
Multiplicative,1.5,0.1550711691379547,1.3127278089523315
Multiplicative,1.5,0.1461150199174881,7.091467380523682
Multiplicative,1.5,0.9609593749046326,1.9771358966827393
Multiplicative,1.5,-0.9931596517562866,0.6153907179832458
Multiplicative,1.5,-1.1514108180999756,2.016756772994995
Multiplicative,1.5,2.3352978229522705,3.597531795501709
Multiplicative,1.5,-2.161304235458374,0.6156454682350159
Multiplicative,1.5,0.5043632984161377,1.6043537855148315
Multiplicative,1.5,-1.5796386003494263,2.0516252517700195
Multiplicative,1.5,2.4215545654296875,2.800931215286255
Multiplicative,1.5,-1.8418601751327515,0.9982891082763672
Multiplicative,1.5,-2.003218173980713,1.2599810361862183
Multiplicative,1.5,-2.258850574493408,0.5143860578536987
Multiplicative,1.5,-0.7727158069610596,1.3454533815383911
Multiplicative,1.5,0.023111753165721893,1.2540292739868164
Multiplicative,1.5,1.0319526195526123,1.4723654985427856
Multiplicative,1.5,1.637630581855774,3.7254998683929443
Multiplicative,1.5,-0.8770380020141602,2.0795047283172607
Multiplicative,1.5,-1.5428043603897095,2.0182418823242188
Multiplicative,1.5,-2.372164726257324,0.8653755187988281
Multiplicative,1.5,-0.342191606760025,2.431302785873413
Multiplicative,1.5,-2.0593395233154297,0.6974054574966431
Multiplicative,1.5,-1.8365983963012695,0.8106241822242737
Multiplicative,1.5,0.36812981963157654,1.8829289674758911
Multiplicative,1.5,1.047914743423462,1.99370539188385
Multiplicative,1.5,-1.2348161935806274,1.1876537799835205
Multiplicative,1.5,-0.3816968500614166,3.1860885620117188
Multiplicative,1.5,-1.8014591932296753,1.5460299253463745
Multiplicative,1.5,-0.584061324596405,1.149917721748352
Multiplicative,1.5,1.3069366216659546,2.573725700378418
Multiplicative,1.5,0.5909394025802612,4.760384559631348
Multiplicative,1.5,-1.1136857271194458,0.8566420674324036
Multiplicative,1.5,1.657313585281372,3.4088211059570312
Multiplicative,1.5,-0.6420872807502747,3.699371814727783
Multiplicative,1.5,-1.3780741691589355,1.2748677730560303
Multiplicative,1.5,0.2704969048500061,5.519661903381348
Multiplicative,1.5,-0.7589207291603088,2.4674453735351562
Multiplicative,1.5,-0.35852938890457153,1.3077901601791382
Multiplicative,1.5,-2.3180840015411377,0.3413955271244049
Multiplicative,1.5,2.481884002685547,3.3885557651519775
Multiplicative,1.5,-2.2561147212982178,1.0658191442489624
Multiplicative,1.5,2.318798065185547,8.865327835083008
Multiplicative,1.5,-0.9809340834617615,1.6003376245498657
Multiplicative,1.5,2.206942558288574,6.159773349761963
Multiplicative,1.5,2.278242588043213,5.701577663421631
Multiplicative,1.5,-1.0609396696090698,2.2495851516723633
Multiplicative,1.5,1.990664005279541,4.501107692718506
Multiplicative,1.5,1.9232338666915894,5.3099236488342285
Multiplicative,1.5,1.323052167892456,2.231311559677124
Multiplicative,1.5,-0.3361078202724457,1.486027479171753
Multiplicative,1.5,1.327298641204834,2.0624234676361084
Multiplicative,1.5,1.9949275255203247,5.949423313140869
Multiplicative,1.5,-0.787388265132904,1.5020270347595215
Multiplicative,1.5,0.5344703197479248,2.627417802810669
Multiplicative,1.5,1.281761884689331,3.430081844329834
Multiplicative,1.5,-1.829676628112793,0.6778094172477722
Multiplicative,1.5,0.8407016396522522,3.807382583618164
Multiplicative,1.5,-1.489638328552246,1.7505309581756592
Multiplicative,1.5,0.3850061893463135,1.0117772817611694
Multiplicative,1.5,-1.4846385717391968,1.5113475322723389
Multiplicative,1.5,0.8538253903388977,1.1676039695739746
Multiplicative,1.5,1.5882525444030762,2.9616801738739014
Multiplicative,1.5,2.2948269844055176,6.43135929107666
Multiplicative,1.5,-0.8536199927330017,1.5823407173156738
Multiplicative,1.5,1.362451195716858,6.821702480316162
Multiplicative,1.5,-1.4742332696914673,1.0119380950927734
Multiplicative,1.5,1.805017352104187,3.267747402191162
Multiplicative,1.5,-1.0439242124557495,1.5510016679763794
Multiplicative,1.5,-1.0080019235610962,0.9902467727661133
Multiplicative,1.5,1.9516830444335938,2.795323371887207
Multiplicative,1.5,-0.578185498714447,3.450395345687866
Multiplicative,1.5,-2.365675926208496,1.9076744318008423
Multiplicative,1.5,-1.1798921823501587,2.0914998054504395
Multiplicative,1.5,1.9204380512237549,1.7669404745101929
Multiplicative,1.5,1.426194190979004,2.5553317070007324
Multiplicative,1.5,2.040109157562256,2.561892509460449
Multiplicative,1.5,-0.2139958143234253,2.987372398376465
Multiplicative,1.5,-0.5814392566680908,1.7973822355270386
Multiplicative,1.5,-0.8536292910575867,1.8673245906829834
Multiplicative,1.5,0.36348456144332886,3.0054988861083984
Multiplicative,1.5,-0.6778913140296936,1.0246937274932861
Multiplicative,1.5,-0.4758710265159607,4.347372055053711
Multiplicative,1.5,0.23050829768180847,3.517803430557251
Multiplicative,1.5,-1.074232816696167,0.7083885669708252
Multiplicative,1.5,1.5527985095977783,3.6214354038238525
Multiplicative,1.5,-0.3433796763420105,2.1422150135040283
Multiplicative,1.5,-0.28495943546295166,1.4219820499420166
Multiplicative,1.5,1.145541787147522,2.1939713954925537
Multiplicative,1.5,-0.2533402144908905,1.0741875171661377
Multiplicative,1.5,0.41980215907096863,2.235832452774048
Multiplicative,1.5,-0.04711038991808891,1.5498002767562866
Multiplicative,1.5,-2.3976917266845703,1.4147433042526245
Multiplicative,1.5,0.7101342678070068,4.0077223777771
Multiplicative,1.5,0.782505214214325,1.756917953491211
Multiplicative,1.5,2.2394704818725586,2.8763680458068848
Multiplicative,1.5,1.1696213483810425,2.1561386585235596
Multiplicative,1.5,-1.774688959121704,1.99301278591156
Multiplicative,1.5,-0.27751806378364563,1.675496220588684
Multiplicative,1.5,0.5805333256721497,1.7477283477783203
Multiplicative,1.5,1.506779670715332,3.760223388671875
Multiplicative,1.5,-2.17608904838562,0.8181164264678955
Multiplicative,1.5,-2.0363316535949707,0.5677991509437561
Multiplicative,1.5,0.6324008703231812,2.4163079261779785
Multiplicative,1.5,-1.4279729127883911,0.6209449768066406
Multiplicative,1.5,-0.5626890063285828,2.580115556716919
Multiplicative,1.5,-1.9832252264022827,1.4374088048934937
Multiplicative,1.5,0.19480504095554352,3.1229970455169678
Multiplicative,1.5,-1.0928069353103638,1.1737903356552124
Multiplicative,1.5,0.8161471486091614,6.626654624938965
Multiplicative,1.5,0.9470162391662598,1.5620663166046143
Multiplicative,1.5,-2.1944711208343506,1.9114795923233032
Multiplicative,1.5,0.19738143682479858,2.1916298866271973
Multiplicative,1.5,0.04043181613087654,3.438612937927246
Multiplicative,1.5,-0.12238424271345139,1.5689332485198975
Multiplicative,1.5,2.140377998352051,2.192089796066284
Multiplicative,1.5,-0.6505492329597473,1.58067786693573
Multiplicative,1.5,0.7383092045783997,6.785552501678467
Multiplicative,1.5,0.3995059132575989,3.184380054473877
Multiplicative,1.5,1.2475043535232544,1.074660301208496
Multiplicative,1.5,-0.5142425894737244,1.5634040832519531
Multiplicative,1.5,-1.6737992763519287,0.887335479259491
Multiplicative,1.5,-2.318726062774658,0.3238474726676941
Multiplicative,1.5,0.318485826253891,5.4039225578308105
Multiplicative,1.5,1.278853416442871,4.315506458282471
Multiplicative,1.5,-0.0831717848777771,5.642804145812988
Multiplicative,1.5,0.6343531608581543,2.3722047805786133
Multiplicative,1.5,-2.4622912406921387,0.4869115352630615
Multiplicative,1.5,1.8013951778411865,3.085604667663574
Multiplicative,1.5,-1.353472113609314,1.5261658430099487
Multiplicative,1.5,-1.1177468299865723,1.419670581817627
Multiplicative,1.5,0.05822865292429924,2.1033453941345215
Multiplicative,1.5,-0.09691406786441803,2.889019727706909
Multiplicative,1.5,1.8555006980895996,2.299285411834717
Multiplicative,1.5,-2.1231613159179688,0.6216999292373657
Multiplicative,1.5,0.24395722150802612,2.9287497997283936
Multiplicative,1.5,1.6811935901641846,4.86954927444458
Multiplicative,1.5,1.3511428833007812,3.5103862285614014
Multiplicative,1.5,-1.4960381984710693,1.0708138942718506
Multiplicative,1.5,-0.19293829798698425,3.2219245433807373
Multiplicative,1.5,0.5631654858589172,3.3043980598449707
Multiplicative,1.5,0.40765145421028137,1.7502959966659546
Multiplicative,1.5,-0.21777203679084778,3.695706367492676
Multiplicative,1.5,-1.1703611612319946,1.9534180164337158
Multiplicative,1.5,2.2668285369873047,4.202115535736084
Multiplicative,1.5,-0.3082581162452698,1.3953464031219482
Multiplicative,1.5,-0.4451095759868622,1.8195579051971436
Multiplicative,1.5,1.80497407913208,6.358540058135986
Multiplicative,1.5,2.45808744430542,4.290950775146484
Multiplicative,1.5,0.3917548954486847,5.313806056976318
Multiplicative,1.5,-1.5716837644577026,1.5761606693267822
Multiplicative,1.5,-1.5057636499404907,2.6059210300445557
Multiplicative,1.5,-0.9359896779060364,3.6756503582000732
Multiplicative,1.5,1.717266321182251,4.430603504180908
Multiplicative,1.5,2.081021785736084,4.320429801940918
Multiplicative,1.5,-1.5616403818130493,1.3756020069122314
Multiplicative,1.5,-0.7985724210739136,1.166150689125061
Multiplicative,1.5,-0.8401536345481873,1.4799095392227173
Multiplicative,1.5,1.8241358995437622,5.045072555541992
Multiplicative,1.5,-0.0758720114827156,2.881432294845581
Multiplicative,1.5,-1.2478880882263184,1.3065102100372314
Multiplicative,1.5,1.708329677581787,4.889235973358154
Multiplicative,1.5,2.2293622493743896,4.094489574432373
Multiplicative,1.5,-0.28230708837509155,1.086796522140503
Multiplicative,1.5,0.5361887216567993,3.2624027729034424
Multiplicative,1.5,-1.3305344581604004,0.9540388584136963
Multiplicative,1.5,1.5092666149139404,2.669454336166382
Multiplicative,1.5,-1.6068248748779297,1.8373444080352783
Multiplicative,1.5,0.9351903200149536,3.998051643371582
Multiplicative,1.5,-2.4547579288482666,0.8045586943626404
Multiplicative,1.5,-2.312534809112549,0.8601969480514526
Multiplicative,1.5,1.1834303140640259,2.4427809715270996
Multiplicative,1.5,1.8346558809280396,9.456032752990723
Multiplicative,1.5,-1.3647624254226685,1.9479823112487793
Multiplicative,1.5,-2.483344793319702,1.0697638988494873
Multiplicative,1.5,1.7053142786026,2.8037867546081543
Multiplicative,1.5,1.41228187084198,3.157909393310547
Multiplicative,1.5,1.3876510858535767,1.8278019428253174
Multiplicative,1.5,-1.0840554237365723,2.754430055618286
Multiplicative,1.5,-0.2506328523159027,2.85591983795166
Multiplicative,1.5,-0.8854137063026428,3.345534324645996
Multiplicative,1.5,-0.5106987953186035,1.7007757425308228
Multiplicative,1.5,-0.8629522919654846,2.1061761379241943
Multiplicative,1.5,-2.2820279598236084,1.4364458322525024
Multiplicative,1.5,0.2935085892677307,1.9158642292022705
Multiplicative,1.5,0.037945013493299484,1.6096248626708984
Multiplicative,1.5,-2.4206910133361816,0.5553649067878723
Multiplicative,1.5,-0.6331650018692017,0.9384611248970032
Multiplicative,1.5,2.209693193435669,4.760926246643066
Multiplicative,1.5,-0.3680690824985504,2.2742974758148193
Multiplicative,1.5,-0.9696065187454224,1.2182539701461792
Multiplicative,1.5,2.2927286624908447,2.6556267738342285
Multiplicative,1.5,-1.495408296585083,2.6122851371765137
Multiplicative,1.5,-1.7328828573226929,2.2617435455322266
Multiplicative,1.5,-1.8634480237960815,1.0378782749176025
Multiplicative,1.5,-0.13524043560028076,1.0570374727249146
Multiplicative,1.5,0.05744534730911255,2.699524402618408
Multiplicative,1.5,1.6204628944396973,6.671363830566406
Multiplicative,1.5,1.2061737775802612,2.328944683074951
Multiplicative,1.5,0.72676682472229,3.2820885181427
Multiplicative,1.5,1.8612780570983887,4.949571132659912
Multiplicative,1.5,0.8447466492652893,2.0992658138275146
Multiplicative,1.5,2.2103912830352783,3.1161298751831055
Multiplicative,1.5,2.076277256011963,3.069103717803955
Multiplicative,1.5,-1.0908854007720947,0.7570570111274719
Multiplicative,1.5,-2.3104190826416016,0.9379217624664307
Multiplicative,1.5,1.4199022054672241,7.606124401092529
Multiplicative,1.5,-0.76917564868927,3.00325083732605
Multiplicative,1.5,-1.25502347946167,1.113473892211914
Multiplicative,1.5,0.18436679244041443,3.110694408416748
Multiplicative,1.5,-0.573576807975769,4.388393878936768
Multiplicative,1.5,-0.8070308566093445,3.3387656211853027
Multiplicative,1.5,1.8099054098129272,5.24424409866333
Multiplicative,1.5,0.6622576117515564,1.712601661682129
Multiplicative,1.5,2.081851005554199,2.945147752761841
Multiplicative,1.5,1.1252249479293823,2.153249740600586
Multiplicative,1.5,0.3969646692276001,1.6040607690811157
Multiplicative,1.5,1.0042588710784912,5.976071834564209
Multiplicative,1.5,-1.0505602359771729,0.9964691996574402
Multiplicative,1.5,-1.3252760171890259,2.106344223022461
Multiplicative,1.5,-2.3934884071350098,0.9626607894897461
Multiplicative,1.5,-0.43440118432044983,1.7331074476242065
Multiplicative,1.5,1.0968650579452515,4.28716516494751
Multiplicative,1.5,0.0558585487306118,1.4819716215133667
Multiplicative,1.5,-1.176412582397461,2.3789138793945312
Multiplicative,1.5,0.7071416974067688,4.0987958908081055
Multiplicative,1.5,0.802627682685852,3.557774543762207
Multiplicative,1.5,2.021622657775879,5.656024932861328
Multiplicative,1.5,-2.454838991165161,0.47513747215270996
Multiplicative,1.5,0.07200813293457031,3.5702273845672607
Multiplicative,1.5,-2.1517558097839355,0.6847428679466248
Multiplicative,1.5,-1.7775071859359741,1.0355250835418701
Multiplicative,1.5,1.8315116167068481,5.03460693359375
Multiplicative,1.5,0.20249807834625244,1.6179676055908203
Multiplicative,1.5,2.027554512023926,1.651984453201294
Multiplicative,1.5,0.6434142589569092,6.790293216705322
Multiplicative,1.5,-0.47493764758110046,0.9801111221313477
Multiplicative,1.5,-0.7844324111938477,1.1692255735397339
Multiplicative,1.5,1.4199124574661255,2.67160701751709
Multiplicative,1.5,0.9534261226654053,3.919881582260132
Multiplicative,1.5,1.7147499322891235,5.737068176269531
Multiplicative,1.5,-0.1320783495903015,1.0237412452697754
Multiplicative,1.5,-2.0778260231018066,1.398390769958496
Multiplicative,1.5,0.9801080226898193,1.4310386180877686
Multiplicative,1.5,0.3944537341594696,1.6936551332473755
Multiplicative,1.5,-0.9439568519592285,2.3841943740844727
Multiplicative,1.5,-0.3939953148365021,2.881129026412964
Multiplicative,1.5,-0.6404829025268555,1.3342163562774658
Multiplicative,1.5,1.2553693056106567,3.4885947704315186
Multiplicative,1.5,-1.6954052448272705,0.6523779034614563
Multiplicative,1.5,1.6739212274551392,4.205061435699463
Multiplicative,1.5,2.3117337226867676,4.654499053955078
Multiplicative,1.5,-0.956436038017273,1.7146594524383545
Multiplicative,1.5,0.09044712781906128,2.1347875595092773
Multiplicative,1.5,1.0199908018112183,1.4756253957748413
Multiplicative,1.5,2.3897716999053955,5.582851409912109
Multiplicative,1.5,-0.5469765663146973,1.1888614892959595
Multiplicative,1.5,1.4751875400543213,3.8008646965026855
Multiplicative,1.5,0.7306890487670898,5.868697643280029
Multiplicative,1.5,-2.4784297943115234,0.7593322396278381
Multiplicative,1.5,1.1740328073501587,2.787278175354004
Multiplicative,1.5,-0.1691342443227768,0.9200533032417297
Multiplicative,1.5,0.16941311955451965,2.8923940658569336
Multiplicative,1.5,-0.9154269099235535,1.1378350257873535
Multiplicative,1.5,-0.7925375699996948,1.606303095817566
Multiplicative,1.5,1.2191368341445923,5.49314546585083
Multiplicative,1.5,-2.359955310821533,0.7848397493362427
Multiplicative,1.5,-0.3851708471775055,1.3466942310333252
Multiplicative,1.5,0.0532778725028038,2.3485026359558105
Multiplicative,1.5,-2.0044827461242676,1.3098398447036743
Multiplicative,1.5,-1.382493019104004,2.304100513458252
Multiplicative,1.5,-0.9642224311828613,1.572003722190857
Multiplicative,1.5,0.3030211329460144,1.6276259422302246
Multiplicative,1.5,1.7764421701431274,6.226786136627197
Multiplicative,1.5,1.4888004064559937,6.528764724731445
Multiplicative,1.5,0.5278149843215942,2.47904372215271
Multiplicative,1.5,2.440739393234253,16.84410285949707
Multiplicative,1.5,2.1321277618408203,2.840979814529419
Multiplicative,1.5,-0.3926067352294922,1.3825713396072388
Multiplicative,1.5,0.7182999849319458,1.8835450410842896
Multiplicative,1.5,-1.579781413078308,0.9952473640441895
Multiplicative,1.5,-2.4174399375915527,1.2159779071807861
Multiplicative,1.5,2.0198869705200195,5.132601737976074
Multiplicative,1.5,-1.5811920166015625,1.9440207481384277
Multiplicative,1.5,2.2777421474456787,3.6882364749908447
Multiplicative,1.5,-1.4394865036010742,1.0622869729995728
Multiplicative,1.5,0.9958053231239319,1.8063541650772095
Multiplicative,1.5,0.9256412386894226,1.277093529701233
Multiplicative,1.5,0.6949524879455566,2.4664793014526367
Multiplicative,1.5,-0.06310824304819107,2.5469086170196533
Multiplicative,1.5,-0.155004620552063,1.7871372699737549
Multiplicative,1.5,-2.1067206859588623,1.1670031547546387
Multiplicative,1.5,0.472614586353302,1.1847106218338013
Multiplicative,1.5,2.2720651626586914,5.780223369598389
Multiplicative,1.5,0.22249187529087067,3.305692434310913
Multiplicative,1.5,0.6445837616920471,1.9070850610733032
Multiplicative,1.5,-0.41163718700408936,2.533353328704834
Multiplicative,1.5,0.6264317035675049,3.561887502670288
Multiplicative,1.5,0.7855572700500488,3.757528066635132
Multiplicative,1.5,1.8207274675369263,6.709578990936279
Multiplicative,1.5,-1.7826837301254272,1.352690577507019
Multiplicative,1.5,-1.7641661167144775,0.9448477625846863
Multiplicative,1.5,-0.547050952911377,2.4856674671173096
Multiplicative,1.5,-0.8799294233322144,1.356225609779358
Multiplicative,1.5,1.177944302558899,2.4771461486816406
Multiplicative,1.5,1.6755801439285278,3.2072150707244873
Multiplicative,1.5,2.1272082328796387,6.844689846038818
Multiplicative,1.5,1.249305248260498,1.7828762531280518
Multiplicative,1.5,-0.451574444770813,1.6952844858169556
Multiplicative,1.5,1.219810128211975,1.453059196472168
Multiplicative,1.5,-1.3798072338104248,1.512584924697876
Multiplicative,1.5,-0.8669278025627136,1.109690546989441
Multiplicative,1.5,1.819408655166626,2.7379157543182373
Multiplicative,1.5,-0.8479465246200562,2.2281417846679688
Multiplicative,1.5,-1.4638749361038208,0.3079853057861328
Multiplicative,1.5,2.49861478805542,3.4042298793792725
Multiplicative,1.5,-1.3968092203140259,3.266977548599243
Multiplicative,1.5,-0.8026500940322876,1.4522038698196411
Multiplicative,1.5,-1.7522987127304077,2.289707660675049
Multiplicative,1.5,1.993630290031433,6.4782209396362305
Multiplicative,1.5,-2.418743133544922,0.800524115562439
Multiplicative,1.5,2.241206407546997,6.3615498542785645
Multiplicative,1.5,-0.24045191705226898,1.5845404863357544
Multiplicative,1.5,0.9949533939361572,2.9448623657226562
Multiplicative,1.5,-1.4846950769424438,0.8992172479629517
Multiplicative,1.5,1.3604766130447388,1.758618950843811
Multiplicative,1.5,0.4217907786369324,1.5120903253555298
Multiplicative,1.5,1.5216407775878906,2.8693432807922363
Multiplicative,1.5,2.0740928649902344,2.0341148376464844
Multiplicative,1.5,0.8883903622627258,2.9247336387634277
Multiplicative,1.5,0.3657948970794678,2.700038194656372
Multiplicative,1.5,-0.012765361927449703,2.6809322834014893
Multiplicative,1.5,0.31346866488456726,2.552237033843994
Multiplicative,1.5,1.2871590852737427,1.2512414455413818
Multiplicative,1.5,1.50356924533844,3.105323076248169
Multiplicative,1.5,1.1709003448486328,1.5959900617599487
Multiplicative,1.5,2.2389142513275146,5.073243141174316
Multiplicative,1.5,-1.9751704931259155,0.9355011582374573
Multiplicative,1.5,-0.013381888158619404,2.023277997970581
Multiplicative,1.5,-2.380483388900757,0.9425500631332397
Multiplicative,1.5,0.16007015109062195,1.5835540294647217
Multiplicative,1.5,-1.7189347743988037,1.3749743700027466
Multiplicative,1.5,-0.15886688232421875,0.7142760753631592
Multiplicative,1.5,1.9915950298309326,3.5063698291778564
Multiplicative,1.5,-1.357154369354248,1.660757303237915
Multiplicative,1.5,-0.8303412199020386,2.8181705474853516
Multiplicative,1.5,1.500535249710083,3.9272818565368652
Multiplicative,1.5,2.213413715362549,3.6187472343444824
Multiplicative,1.5,-0.3314433693885803,1.2543189525604248
Multiplicative,1.5,-0.5969661474227905,4.482375144958496
Multiplicative,1.5,-0.9630227088928223,2.51958966255188
Multiplicative,1.5,-2.448435068130493,1.977046251296997
Multiplicative,1.5,0.4781511127948761,1.0952502489089966
Multiplicative,1.5,-0.7698856592178345,1.7537480592727661
Multiplicative,1.5,-1.88609778881073,2.0251522064208984
Multiplicative,1.5,1.957761287689209,1.7857732772827148
Multiplicative,1.5,0.2315218448638916,3.2960808277130127
Multiplicative,1.5,-2.1809768676757812,0.8317881226539612
Multiplicative,1.5,-1.6207351684570312,1.4659733772277832
Multiplicative,1.5,-0.41922727227211,2.8984200954437256
Multiplicative,1.5,0.5442301034927368,1.4815610647201538
Multiplicative,1.5,0.33223533630371094,2.6051390171051025
Multiplicative,1.5,-1.3430752754211426,2.6103482246398926
Multiplicative,1.5,-0.9886155128479004,2.2884161472320557
Multiplicative,1.5,-1.9922425746917725,0.7156022191047668
Multiplicative,1.5,-0.17762494087219238,1.4204741716384888
Multiplicative,1.5,1.7560980319976807,3.8760883808135986
Multiplicative,1.5,-0.19315485656261444,2.2838616371154785
Multiplicative,1.5,-1.2329342365264893,1.7307374477386475
Multiplicative,1.5,-1.5223684310913086,1.2294307947158813
Multiplicative,1.5,-0.9580467939376831,0.9087757468223572
Multiplicative,1.5,-0.5173591375350952,3.5972018241882324
Multiplicative,1.5,-1.969827651977539,1.147255301475525
Multiplicative,1.5,1.1324448585510254,1.8949615955352783
Multiplicative,1.5,-0.18166321516036987,1.5746806859970093
Multiplicative,1.5,1.2309775352478027,4.089415550231934
Multiplicative,1.5,0.03243972361087799,4.1990251541137695
Multiplicative,1.5,0.8855783343315125,2.3914971351623535
Multiplicative,1.5,-0.6647306680679321,4.008121967315674
Multiplicative,1.5,-2.177379846572876,0.4286405146121979
Multiplicative,1.5,1.4381965398788452,2.8856277465820312
Multiplicative,1.5,-2.2060434818267822,1.6711245775222778
Multiplicative,1.5,1.8270001411437988,2.5113017559051514
Multiplicative,1.5,-1.07171630859375,1.695984959602356
Multiplicative,1.5,-1.8676923513412476,0.6756635904312134
Multiplicative,1.5,-0.8690516948699951,1.8846967220306396
Multiplicative,1.5,2.2504889965057373,1.9471923112869263
Multiplicative,1.5,2.4542436599731445,8.39052677154541
Multiplicative,1.5,2.4692633152008057,7.1600823402404785
Multiplicative,1.5,2.114941358566284,3.932223081588745
Multiplicative,1.5,2.3505077362060547,2.728018283843994
Multiplicative,1.5,0.7219988703727722,2.729285478591919
Multiplicative,1.5,2.0727956295013428,5.099521160125732
Multiplicative,1.5,-1.6260731220245361,0.5477279424667358
Multiplicative,1.5,-0.4155412018299103,2.3718039989471436
Multiplicative,1.5,1.22874915599823,3.2578909397125244
Multiplicative,1.5,-2.1078341007232666,0.8182640075683594
Multiplicative,1.5,-0.038137856870889664,2.2299766540527344
Multiplicative,1.5,1.6112329959869385,5.417082786560059
Multiplicative,1.5,-1.0061362981796265,2.4899160861968994
Multiplicative,1.5,-2.2274394035339355,1.0076674222946167
Multiplicative,1.5,1.7093404531478882,2.1051862239837646
Multiplicative,1.5,-0.3426942527294159,2.4642460346221924
Multiplicative,1.5,-0.9324570894241333,1.6382910013198853
Multiplicative,1.5,-2.352985382080078,0.9239670038223267
Multiplicative,1.5,-0.03836165741086006,3.6849629878997803
Multiplicative,1.5,0.45957526564598083,2.6934947967529297
Multiplicative,1.5,0.197128027677536,1.617965579032898
Multiplicative,1.5,-0.40917256474494934,1.3996219635009766
Multiplicative,1.5,-0.9456881284713745,1.3590853214263916
Multiplicative,1.5,2.4552161693573,3.3305225372314453
Multiplicative,1.5,-2.0183379650115967,1.547892451286316
Multiplicative,1.5,-1.7616682052612305,0.5042731165885925
Multiplicative,1.5,2.0763139724731445,4.480074405670166
Multiplicative,1.5,-0.4902085065841675,1.5302027463912964
Multiplicative,1.5,2.0742719173431396,2.3634142875671387
Multiplicative,1.5,-0.5797193050384521,2.7184386253356934
Multiplicative,1.5,-0.05540104955434799,1.9801619052886963
Multiplicative,1.5,-1.8820815086364746,2.8788583278656006
Multiplicative,1.5,0.9000105857849121,5.376165866851807
Multiplicative,1.5,2.082003116607666,4.44386625289917
Multiplicative,1.5,1.31354820728302,2.6924633979797363
Multiplicative,1.5,0.21158534288406372,2.1577281951904297
Multiplicative,1.5,-0.9996796250343323,0.7913433313369751
Multiplicative,1.5,1.6450647115707397,3.030994176864624
Multiplicative,1.5,-1.2367146015167236,1.502180576324463
Multiplicative,1.5,-2.0517401695251465,0.9522345662117004
Multiplicative,1.5,0.29855474829673767,2.4926552772521973
Multiplicative,1.5,-2.1506190299987793,1.455335021018982
Multiplicative,1.5,-1.3330076932907104,1.9606866836547852
Multiplicative,1.5,2.3828790187835693,3.014893054962158
Multiplicative,1.5,-1.9640223979949951,1.9482043981552124
Multiplicative,1.5,-0.8210169672966003,1.294514536857605
Multiplicative,1.5,1.0755908489227295,1.4934985637664795
Multiplicative,1.5,1.5251476764678955,3.8547189235687256
Multiplicative,1.5,2.4113316535949707,7.1665730476379395
Multiplicative,1.5,-2.2334210872650146,1.9583818912506104
Multiplicative,1.5,0.9041556119918823,3.2848968505859375
Multiplicative,1.5,-0.038923557847738266,2.0612850189208984
Multiplicative,1.5,-0.5270549058914185,1.0732765197753906
Multiplicative,1.5,0.08958450704813004,5.61031436920166
Multiplicative,1.5,1.660030484199524,4.472996234893799
Multiplicative,1.5,1.025391936302185,2.0480215549468994
Multiplicative,1.5,-1.0052803754806519,1.7401204109191895
Multiplicative,1.5,-0.3079279065132141,1.830320119857788
Multiplicative,1.5,1.2121268510818481,2.9670088291168213
Multiplicative,1.5,-0.4275965690612793,2.8346850872039795
Multiplicative,1.5,-0.6231833696365356,3.935515880584717
Multiplicative,1.5,0.8941614627838135,1.0285218954086304
Multiplicative,1.5,0.9210246801376343,2.870394706726074
Multiplicative,1.5,1.3763962984085083,5.166133880615234
Multiplicative,1.5,0.2005133479833603,3.8031747341156006
Multiplicative,1.5,1.7409502267837524,3.785390615463257
Multiplicative,1.5,1.2538484334945679,2.353196859359741
Multiplicative,1.5,2.287429094314575,5.2811455726623535
Multiplicative,1.5,1.1743446588516235,2.7484447956085205
Multiplicative,1.5,-1.6102713346481323,1.3016383647918701
Multiplicative,1.5,-2.0052740573883057,1.0912481546401978
Multiplicative,1.5,-0.09340415894985199,4.300965309143066
Multiplicative,1.5,0.9277387261390686,3.311915874481201
Multiplicative,1.5,-0.8836382031440735,1.3534331321716309
Multiplicative,1.5,-0.40222588181495667,2.520319700241089
Multiplicative,1.5,-2.252031087875366,0.6880897879600525
Multiplicative,1.5,0.9109621644020081,5.360774517059326
